OrderID,OrderDate,CustomerID,ProductID,Region,Quantity,Discount,DeliveryDays,Rating
O00001,27-06-2025,C0454,P003,West,5,0,1,5
O00002,01-07-2025,C0188,P009,East,7,0,4,1
O00003,16-10-2024,C0014,P008,East,2,0,4,4
O00004,28-07-2024,C0285,P005,South,8,20,1,4
O00005,29-01-2024,C0216,P002,West,5,0,6,1
O00006,07-09-2025,C0032,P004,North,3,0,7,5
O00007,26-05-2024,C0139,P006,North,5,10,4,5
O00008,03-04-2024,C0180,P003,West,9,5,6,4
O00009,06-04-2025,C0115,P008,North,6,10,4,3
O00010,10-04-2024,C0462,P003,East,5,15,3,1
O00011,27-08-2025,C0308,P009,East,5,15,7,2
O00012,11-03-2024,C0041,P008,North,3,10,3,4
O00013,25-08-2025,C0381,P009,South,4,20,6,5
O00014,07-11-2025,C0031,P008,West,6,0,6,4
O00015,15-08-2025,C0278,P004,South,9,20,7,4
O00016,18-06-2024,C0440,P009,North,8,0,3,4
O00017,16-06-2025,C0086,P010,North,2,15,4,3
O00018,23-09-2025,C0181,P007,East,4,10,5,5
O00019,19-08-2025,C0389,P002,North,10,10,7,5
O00020,31-01-2024,C0106,P005,West,3,20,4,5
O00021,03-09-2025,C0231,P009,East,7,0,2,1
O00022,12-01-2024,C0253,P008,West,5,0,2,5
O00023,20-06-2025,C0294,P003,East,10,20,4,5
O00024,30-06-2025,C0106,P010,North,1,0,3,1
O00025,18-09-2025,C0447,P002,East,10,0,1,5
O00026,30-08-2024,C0340,P004,North,6,15,2,1
O00027,29-11-2025,C0038,P009,South,1,10,7,4
O00028,02-09-2025,C0190,P002,North,7,10,3,2
O00029,19-03-2024,C0143,P010,North,3,20,6,4
O00030,29-04-2024,C0172,P003,West,9,20,5,2
O00031,20-09-2024,C0039,P010,North,1,20,3,1
O00032,22-04-2024,C0056,P005,South,1,0,4,4
O00033,08-07-2025,C0153,P006,West,1,5,7,1
O00034,08-08-2024,C0366,P004,East,4,20,4,2
O00035,04-07-2025,C0014,P008,South,9,5,1,1
O00036,14-05-2024,C0089,P004,South,8,0,3,2
O00037,11-01-2024,C0419,P004,East,5,10,6,5
O00038,09-12-2025,C0185,P001,North,9,10,6,3
O00039,08-03-2025,C0443,P004,South,3,10,3,1
O00040,02-02-2024,C0269,P008,South,1,20,2,4
O00041,27-11-2024,C0089,P007,West,9,5,4,3
O00042,17-09-2025,C0285,P003,North,8,0,6,4
O00043,13-11-2025,C0318,P004,East,4,10,2,5
O00044,02-05-2024,C0231,P002,West,8,5,3,4
O00045,03-02-2024,C0350,P004,North,3,20,1,3
O00046,09-04-2025,C0411,P007,East,9,10,7,1
O00047,11-08-2025,C0390,P001,West,3,0,4,5
O00048,12-05-2025,C0218,P004,East,6,15,5,1
O00049,04-03-2024,C0476,P007,North,4,20,5,2
O00050,26-08-2024,C0282,P005,North,8,0,5,4
O00051,05-07-2024,C0113,P009,East,6,0,2,5
O00052,29-06-2024,C0103,P001,South,5,5,3,4
O00053,16-08-2025,C0312,P004,West,7,20,5,3
O00054,12-05-2025,C0234,P010,South,10,5,3,3
O00055,23-09-2024,C0076,P008,West,4,10,7,4
O00056,21-02-2024,C0300,P001,West,5,5,3,5
O00057,24-04-2024,C0053,P010,North,1,0,7,5
O00058,15-07-2024,C0179,P007,North,3,20,7,1
O00059,30-06-2025,C0404,P001,East,9,10,7,5
O00060,31-12-2024,C0225,P007,West,3,15,1,5
O00061,18-06-2025,C0121,P002,West,4,15,5,4
O00062,06-01-2025,C0374,P006,East,8,0,2,5
O00063,20-09-2024,C0293,P005,West,7,20,6,1
O00064,08-02-2024,C0160,P008,West,8,0,2,1
O00065,02-01-2025,C0498,P009,West,1,0,4,2
O00066,29-05-2025,C0027,P007,East,2,10,2,4
O00067,08-04-2025,C0048,P007,South,6,15,5,4
O00068,19-07-2024,C0089,P001,North,7,20,4,1
O00069,08-01-2024,C0221,P008,East,8,15,3,5
O00070,26-02-2025,C0260,P010,North,10,0,7,4
O00071,13-10-2025,C0407,P007,East,4,0,2,4
O00072,31-08-2024,C0443,P003,North,3,5,6,3
O00073,29-07-2025,C0010,P005,East,3,10,5,2
O00074,31-08-2025,C0418,P009,West,6,5,5,5
O00075,13-11-2025,C0324,P007,West,3,15,1,3
O00076,10-01-2024,C0491,P007,East,7,20,3,4
O00077,12-07-2024,C0180,P008,North,8,5,7,4
O00078,28-07-2025,C0411,P004,West,3,5,1,4
O00079,15-05-2024,C0391,P007,West,3,0,3,1
O00080,19-01-2025,C0429,P004,North,7,20,2,2
O00081,28-01-2024,C0489,P003,North,8,15,7,5
O00082,15-01-2024,C0076,P009,South,4,20,3,1
O00083,09-12-2025,C0042,P007,North,2,15,5,1
O00084,30-05-2024,C0449,P005,North,7,0,6,2
O00085,24-03-2025,C0492,P002,West,2,0,4,1
O00086,02-09-2025,C0087,P001,North,10,5,6,2
O00087,27-04-2025,C0373,P005,North,9,20,2,3
O00088,21-04-2024,C0299,P010,South,1,0,4,4
O00089,11-01-2025,C0158,P005,South,7,0,7,3
O00090,27-07-2025,C0126,P010,South,4,10,3,3
O00091,14-03-2025,C0433,P010,West,1,10,4,4
O00092,11-07-2025,C0307,P007,North,6,5,5,2
O00093,07-05-2025,C0119,P005,North,7,10,3,5
O00094,27-06-2024,C0084,P002,West,8,10,2,1
O00095,13-04-2024,C0123,P003,North,2,15,4,5
O00096,22-06-2024,C0013,P009,North,8,15,5,4
O00097,22-11-2024,C0141,P006,East,4,10,4,3
O00098,23-04-2024,C0139,P006,North,9,10,2,2
O00099,21-03-2024,C0384,P008,East,6,5,7,4
O00100,19-01-2025,C0285,P003,West,6,0,5,4
O00101,29-02-2024,C0173,P006,East,2,10,5,5
O00102,09-03-2025,C0464,P007,East,5,15,6,5
O00103,18-08-2024,C0446,P004,East,6,10,1,5
O00104,09-08-2025,C0431,P007,East,4,0,2,1
O00105,04-05-2025,C0377,P004,South,2,0,6,3
O00106,25-07-2025,C0389,P007,South,2,20,2,2
O00107,15-04-2024,C0202,P003,North,10,20,4,5
O00108,11-01-2024,C0063,P007,North,6,5,3,5
O00109,15-12-2024,C0087,P006,North,1,5,6,4
O00110,24-06-2024,C0177,P002,South,9,5,3,2
O00111,25-06-2025,C0204,P009,West,3,0,1,2
O00112,18-05-2025,C0253,P005,South,7,5,2,3
O00113,11-03-2024,C0499,P003,East,9,20,1,1
O00114,23-01-2024,C0463,P005,West,9,20,3,1
O00115,22-03-2025,C0352,P004,North,2,20,7,1
O00116,20-11-2025,C0243,P010,West,3,0,7,2
O00117,30-08-2025,C0393,P006,West,9,15,5,1
O00118,13-03-2025,C0242,P003,North,8,5,5,3
O00119,01-10-2025,C0088,P002,South,4,15,5,1
O00120,29-04-2025,C0209,P001,North,6,0,2,2
O00121,28-12-2025,C0279,P004,East,9,0,5,3
O00122,24-12-2025,C0223,P010,South,2,5,2,3
O00123,24-05-2025,C0166,P008,South,6,0,1,3
O00124,26-01-2025,C0081,P004,North,10,10,1,5
O00125,21-08-2025,C0426,P010,East,4,15,6,1
O00126,16-05-2024,C0485,P002,East,10,0,2,3
O00127,19-08-2025,C0175,P001,South,2,20,1,3
O00128,26-08-2024,C0182,P008,West,9,10,7,2
O00129,13-02-2024,C0229,P008,East,4,0,2,3
O00130,01-03-2025,C0272,P002,East,3,0,7,4
O00131,17-06-2025,C0161,P009,East,10,20,5,4
O00132,24-10-2025,C0252,P009,West,9,5,7,5
O00133,27-11-2025,C0065,P001,South,4,15,2,4
O00134,10-06-2025,C0443,P003,South,1,10,4,2
O00135,01-06-2025,C0227,P001,North,8,10,4,4
O00136,28-09-2025,C0294,P005,North,7,10,2,3
O00137,19-06-2025,C0423,P001,West,10,0,3,5
O00138,08-06-2024,C0263,P005,West,7,0,3,3
O00139,09-06-2025,C0122,P004,North,8,20,6,2
O00140,25-03-2025,C0387,P006,West,9,15,1,3
O00141,04-10-2025,C0426,P006,North,8,0,7,2
O00142,21-03-2024,C0119,P001,East,3,0,4,3
O00143,23-04-2024,C0412,P003,East,7,10,4,5
O00144,24-04-2025,C0354,P008,North,9,0,3,3
O00145,28-07-2025,C0397,P001,South,1,15,7,5
O00146,07-04-2024,C0281,P003,South,9,15,5,3
O00147,22-06-2025,C0311,P006,East,3,15,4,1
O00148,28-10-2024,C0391,P009,South,6,5,6,4
O00149,21-07-2025,C0299,P007,North,9,0,3,4
O00150,26-01-2025,C0069,P006,West,5,10,3,3
O00151,28-09-2025,C0276,P008,West,7,0,2,4
O00152,03-06-2024,C0025,P007,South,8,15,7,1
O00153,18-11-2025,C0037,P002,West,4,5,2,3
O00154,30-01-2024,C0367,P006,South,10,10,2,4
O00155,17-08-2025,C0116,P009,East,10,0,2,2
O00156,04-10-2025,C0265,P007,South,3,20,1,3
O00157,28-01-2025,C0234,P005,North,1,10,6,2
O00158,08-06-2025,C0373,P009,East,7,15,3,3
O00159,26-03-2024,C0265,P002,East,10,10,7,5
O00160,10-07-2025,C0405,P010,North,3,20,3,2
O00161,30-11-2024,C0289,P002,North,10,10,5,1
O00162,26-12-2025,C0463,P008,South,10,0,6,5
O00163,22-05-2025,C0500,P008,South,1,5,6,3
O00164,06-07-2024,C0042,P009,West,4,20,5,1
O00165,14-11-2025,C0217,P007,North,9,5,1,4
O00166,03-09-2024,C0158,P008,South,5,20,2,3
O00167,27-11-2024,C0123,P005,East,1,5,3,4
O00168,07-10-2025,C0223,P009,West,6,5,5,5
O00169,10-06-2025,C0009,P010,North,10,15,7,1
O00170,16-12-2025,C0469,P005,West,6,15,1,4
O00171,28-11-2025,C0387,P003,West,4,10,7,1
O00172,28-03-2024,C0153,P005,East,8,10,1,3
O00173,28-09-2025,C0044,P004,South,5,10,4,2
O00174,30-11-2024,C0223,P003,South,2,15,7,2
O00175,24-11-2025,C0131,P004,South,7,0,3,2
O00176,09-12-2025,C0214,P002,West,4,20,5,4
O00177,07-01-2025,C0075,P005,West,7,5,7,2
O00178,14-03-2025,C0500,P005,South,3,5,4,3
O00179,01-10-2025,C0062,P010,East,7,15,5,4
O00180,09-02-2025,C0315,P005,North,8,20,4,4
O00181,22-06-2024,C0242,P006,North,7,20,5,1
O00182,01-05-2024,C0473,P005,East,7,10,3,1
O00183,02-12-2025,C0124,P002,West,6,10,4,2
O00184,24-10-2025,C0072,P010,East,5,15,3,1
O00185,23-05-2025,C0192,P007,East,6,20,2,2
O00186,01-01-2024,C0310,P004,South,5,5,7,4
O00187,06-02-2024,C0187,P001,West,6,5,6,1
O00188,28-09-2024,C0384,P010,West,8,0,4,1
O00189,29-08-2024,C0139,P010,North,4,15,1,3
O00190,18-03-2025,C0498,P002,West,3,10,5,1
O00191,03-10-2024,C0037,P007,North,9,0,5,3
O00192,11-05-2025,C0489,P002,East,10,10,2,1
O00193,05-11-2025,C0376,P002,North,2,0,3,1
O00194,14-08-2025,C0248,P009,North,9,5,7,1
O00195,03-12-2025,C0223,P001,South,8,0,3,1
O00196,30-06-2024,C0343,P001,North,3,20,3,3
O00197,23-09-2024,C0408,P010,South,9,20,4,3
O00198,21-08-2025,C0483,P006,North,10,20,4,4
O00199,24-10-2024,C0077,P004,North,6,0,3,1
O00200,26-03-2024,C0097,P004,West,4,0,7,2
O00201,11-01-2024,C0324,P009,East,3,5,3,4
O00202,20-01-2024,C0233,P001,East,7,10,6,2
O00203,11-04-2024,C0345,P005,South,6,0,3,1
O00204,16-09-2025,C0054,P001,South,5,0,1,5
O00205,23-02-2024,C0297,P004,East,6,0,5,1
O00206,20-01-2025,C0321,P004,North,5,20,4,5
O00207,17-08-2024,C0468,P004,East,9,5,6,3
O00208,09-02-2025,C0003,P005,West,4,10,1,1
O00209,26-02-2025,C0480,P010,East,7,10,6,3
O00210,28-05-2024,C0059,P007,East,4,15,4,4
O00211,05-04-2024,C0078,P003,South,7,20,4,4
O00212,16-07-2025,C0439,P009,West,7,10,4,3
O00213,26-11-2024,C0027,P004,South,2,0,7,1
O00214,02-10-2024,C0025,P003,North,2,0,5,4
O00215,06-02-2025,C0155,P004,West,1,15,6,3
O00216,02-11-2025,C0103,P007,East,5,10,3,1
O00217,15-10-2024,C0364,P010,South,7,10,4,2
O00218,01-09-2024,C0227,P001,West,1,15,3,5
O00219,10-03-2024,C0115,P001,West,5,5,7,4
O00220,28-08-2025,C0095,P001,East,5,5,7,4
O00221,16-04-2024,C0111,P009,West,4,10,2,2
O00222,29-06-2024,C0435,P002,West,8,5,7,3
O00223,08-06-2025,C0214,P001,East,7,5,2,5
O00224,26-02-2025,C0334,P001,North,4,0,2,4
O00225,24-05-2024,C0102,P008,East,4,10,7,2
O00226,12-08-2024,C0098,P002,East,3,0,5,5
O00227,07-07-2025,C0053,P002,North,9,15,7,1
O00228,03-05-2024,C0311,P006,North,8,20,3,2
O00229,10-10-2024,C0196,P005,West,1,5,4,1
O00230,24-11-2025,C0384,P004,North,5,0,2,2
O00231,21-04-2024,C0455,P004,East,4,20,7,1
O00232,08-01-2025,C0008,P010,East,5,0,7,4
O00233,20-08-2024,C0097,P005,South,6,15,6,5
O00234,21-07-2025,C0056,P010,North,2,20,2,3
O00235,15-11-2025,C0487,P010,South,3,20,7,3
O00236,10-07-2025,C0175,P001,South,4,20,5,4
O00237,27-02-2024,C0026,P004,East,6,10,6,4
O00238,14-03-2025,C0299,P005,South,10,10,3,3
O00239,23-03-2025,C0399,P002,South,1,10,3,5
O00240,12-02-2025,C0354,P007,North,10,10,3,1
O00241,05-08-2025,C0085,P004,North,9,10,4,5
O00242,08-12-2024,C0068,P007,West,6,5,5,5
O00243,22-02-2025,C0355,P007,West,4,5,3,4
O00244,07-07-2024,C0334,P009,East,5,0,3,2
O00245,11-04-2025,C0326,P006,West,5,20,2,5
O00246,31-10-2025,C0398,P003,East,4,10,5,4
O00247,10-09-2024,C0185,P001,West,9,20,4,1
O00248,29-06-2024,C0150,P005,East,7,0,4,4
O00249,07-08-2024,C0434,P002,North,5,10,5,5
O00250,27-08-2024,C0302,P005,West,5,5,5,1
O00251,15-07-2025,C0412,P001,South,5,5,2,4
O00252,03-09-2025,C0013,P006,South,8,0,5,2
O00253,06-01-2024,C0027,P006,East,4,10,5,5
O00254,11-05-2025,C0130,P008,West,1,10,4,1
O00255,15-07-2025,C0328,P010,West,4,15,4,1
O00256,21-10-2025,C0348,P008,West,2,15,1,3
O00257,23-06-2024,C0370,P001,North,2,10,5,5
O00258,05-09-2025,C0025,P007,South,3,15,4,1
O00259,30-06-2024,C0308,P003,North,1,0,3,5
O00260,06-07-2025,C0419,P005,North,4,5,4,4
O00261,17-12-2025,C0019,P001,South,2,5,2,4
O00262,25-06-2025,C0095,P006,South,4,20,5,5
O00263,06-08-2025,C0306,P006,South,4,20,4,1
O00264,27-05-2025,C0052,P001,East,10,20,7,5
O00265,26-11-2025,C0071,P010,East,2,15,5,3
O00266,30-04-2025,C0155,P010,East,3,20,2,4
O00267,04-05-2025,C0063,P001,East,10,15,2,2
O00268,03-10-2025,C0212,P010,South,2,0,3,4
O00269,18-12-2024,C0176,P009,North,1,15,6,3
O00270,19-05-2024,C0271,P001,East,7,15,6,4
O00271,02-08-2024,C0253,P003,West,3,0,2,5
O00272,29-03-2024,C0105,P009,South,6,10,7,2
O00273,05-08-2025,C0033,P004,South,7,0,3,5
O00274,23-06-2025,C0240,P005,North,1,10,2,5
O00275,06-08-2025,C0481,P005,North,5,20,5,5
O00276,18-06-2025,C0168,P010,North,10,0,7,1
O00277,22-09-2025,C0394,P002,North,5,0,7,4
O00278,28-08-2025,C0391,P007,East,4,10,6,1
O00279,03-04-2024,C0154,P002,East,6,20,3,3
O00280,25-08-2025,C0287,P001,North,5,20,1,3
O00281,17-01-2025,C0274,P003,South,7,15,3,5
O00282,13-08-2025,C0167,P005,West,3,10,4,1
O00283,13-08-2024,C0389,P001,South,7,5,3,5
O00284,15-01-2025,C0159,P006,South,9,10,5,3
O00285,26-04-2024,C0010,P005,North,4,0,5,3
O00286,05-08-2025,C0418,P010,North,2,0,3,4
O00287,12-12-2024,C0254,P001,West,8,0,4,3
O00288,15-06-2024,C0066,P010,North,10,20,2,2
O00289,07-07-2024,C0474,P010,North,1,20,2,4
O00290,22-09-2024,C0466,P010,East,5,0,3,3
O00291,16-04-2024,C0089,P009,East,7,0,7,1
O00292,25-08-2024,C0172,P004,North,3,5,3,5
O00293,02-01-2025,C0326,P005,West,5,5,6,4
O00294,27-02-2025,C0398,P008,North,7,10,3,4
O00295,10-01-2024,C0256,P010,East,4,0,4,3
O00296,10-08-2024,C0023,P006,North,5,5,5,1
O00297,25-09-2024,C0292,P002,North,9,0,2,2
O00298,27-05-2024,C0056,P008,East,10,20,3,3
O00299,14-12-2025,C0470,P010,West,3,15,4,1
O00300,27-10-2024,C0053,P008,West,3,15,2,2
O00301,16-04-2025,C0089,P008,South,9,5,4,1
O00302,16-02-2025,C0195,P007,West,1,10,6,5
O00303,20-06-2024,C0010,P001,North,10,0,6,5
O00304,15-09-2025,C0445,P010,East,7,10,3,5
O00305,04-12-2025,C0409,P006,East,10,5,5,4
O00306,23-06-2024,C0100,P003,West,3,0,2,3
O00307,10-03-2024,C0081,P009,South,7,10,1,2
O00308,25-01-2025,C0451,P001,West,3,20,3,1
O00309,26-08-2024,C0472,P010,North,5,5,1,3
O00310,25-09-2025,C0316,P002,North,7,0,6,2
O00311,31-07-2025,C0424,P009,South,10,10,7,5
O00312,13-06-2024,C0397,P008,West,7,5,4,1
O00313,07-10-2025,C0156,P010,West,10,15,1,3
O00314,27-08-2025,C0226,P002,East,5,5,5,1
O00315,09-05-2024,C0441,P008,North,2,15,3,3
O00316,26-04-2025,C0161,P001,West,5,15,1,1
O00317,20-12-2024,C0039,P009,East,3,15,3,5
O00318,22-09-2024,C0407,P010,North,10,20,5,5
O00319,02-11-2024,C0084,P006,South,2,0,6,3
O00320,23-05-2025,C0035,P008,North,10,10,7,5
O00321,03-01-2024,C0444,P004,West,4,0,5,4
O00322,15-04-2025,C0355,P002,West,5,20,4,2
O00323,28-02-2024,C0353,P003,North,5,15,3,5
O00324,18-05-2024,C0500,P008,North,8,0,1,5
O00325,25-10-2025,C0092,P008,South,9,5,1,2
O00326,29-12-2025,C0083,P001,West,3,5,1,5
O00327,04-01-2025,C0242,P007,East,6,10,6,1
O00328,19-01-2024,C0074,P010,West,9,10,1,2
O00329,26-04-2025,C0071,P005,North,7,0,2,5
O00330,25-06-2025,C0307,P005,North,9,0,6,2
O00331,23-08-2025,C0316,P010,South,2,20,1,5
O00332,05-03-2024,C0079,P009,East,1,0,3,1
O00333,30-06-2025,C0008,P010,West,5,0,1,1
O00334,06-06-2024,C0035,P004,West,5,20,2,5
O00335,19-01-2025,C0092,P006,North,6,0,1,1
O00336,22-11-2024,C0469,P004,North,5,0,2,2
O00337,01-10-2024,C0421,P002,East,3,15,7,2
O00338,03-05-2025,C0331,P010,South,3,20,5,5
O00339,28-03-2025,C0147,P004,North,8,0,7,1
O00340,05-08-2025,C0312,P007,North,9,15,6,3
O00341,04-12-2025,C0298,P007,East,9,0,6,3
O00342,11-11-2025,C0026,P003,South,3,10,2,3
O00343,20-09-2024,C0269,P004,North,9,0,6,2
O00344,21-01-2025,C0493,P002,South,4,20,5,1
O00345,04-06-2024,C0110,P003,West,5,10,5,4
O00346,08-11-2025,C0460,P001,South,9,10,6,3
O00347,18-10-2024,C0454,P002,South,5,20,6,1
O00348,23-03-2025,C0389,P006,South,5,15,3,2
O00349,07-02-2025,C0087,P010,East,2,0,3,5
O00350,29-09-2024,C0411,P008,West,8,15,5,1
O00351,02-08-2024,C0271,P001,East,2,0,5,5
O00352,06-12-2024,C0081,P009,North,9,15,7,1
O00353,20-05-2025,C0149,P007,South,1,20,3,2
O00354,10-11-2025,C0354,P001,South,10,0,7,5
O00355,02-05-2024,C0333,P007,East,2,5,2,1
O00356,08-08-2024,C0306,P010,East,7,10,6,4
O00357,12-01-2025,C0393,P005,East,9,5,4,2
O00358,20-07-2025,C0027,P002,East,7,20,6,2
O00359,19-05-2025,C0030,P005,South,1,0,5,2
O00360,17-09-2025,C0107,P008,West,9,10,3,2
O00361,07-07-2025,C0492,P007,South,6,15,7,2
O00362,25-11-2024,C0188,P010,South,1,20,1,2
O00363,26-12-2025,C0262,P005,South,7,10,5,1
O00364,28-07-2025,C0482,P003,West,10,15,2,3
O00365,16-04-2025,C0247,P007,West,3,5,2,5
O00366,19-09-2024,C0274,P005,West,3,0,5,3
O00367,12-01-2024,C0165,P001,North,3,15,1,2
O00368,14-06-2024,C0070,P010,South,5,0,7,5
O00369,08-12-2025,C0336,P002,South,8,15,4,5
O00370,18-12-2024,C0359,P009,North,8,15,4,5
O00371,10-04-2025,C0158,P008,South,2,10,7,5
O00372,16-12-2024,C0026,P010,South,6,10,4,1
O00373,27-03-2024,C0005,P002,West,1,15,5,4
O00374,18-03-2025,C0262,P006,East,10,0,1,1
O00375,20-01-2025,C0119,P009,West,8,5,5,4
O00376,20-07-2025,C0144,P001,South,7,10,2,1
O00377,10-07-2024,C0075,P004,East,2,15,4,1
O00378,31-03-2025,C0351,P007,East,5,0,5,3
O00379,14-08-2025,C0187,P007,West,4,10,5,1
O00380,02-04-2025,C0448,P005,East,7,15,1,1
O00381,25-02-2024,C0019,P002,South,2,5,4,1
O00382,05-01-2025,C0230,P004,West,2,15,1,2
O00383,04-08-2025,C0486,P009,West,3,20,4,1
O00384,14-08-2025,C0304,P009,South,1,20,5,5
O00385,09-02-2025,C0203,P003,South,10,20,5,4
O00386,24-12-2024,C0344,P008,West,8,20,5,1
O00387,04-05-2024,C0292,P010,West,6,15,2,3
O00388,15-09-2025,C0136,P004,West,3,20,3,3
O00389,13-07-2025,C0442,P007,West,6,15,1,1
O00390,07-04-2025,C0355,P005,North,6,5,3,2
O00391,13-08-2025,C0109,P006,South,8,20,6,3
O00392,18-04-2025,C0106,P008,East,5,5,6,5
O00393,30-12-2025,C0343,P005,West,2,5,6,3
O00394,09-07-2024,C0136,P009,East,10,20,2,2
O00395,10-09-2025,C0032,P010,South,6,10,3,5
O00396,14-12-2025,C0112,P007,West,1,0,6,4
O00397,25-04-2024,C0080,P002,West,5,10,4,3
O00398,03-08-2024,C0419,P005,North,8,10,7,1
O00399,23-09-2024,C0031,P006,South,10,5,3,2
O00400,12-04-2025,C0491,P008,North,9,10,2,5
O00401,06-06-2024,C0466,P001,East,4,20,4,5
O00402,15-08-2024,C0414,P010,East,10,0,1,4
O00403,27-08-2025,C0096,P004,West,8,5,4,1
O00404,04-09-2024,C0123,P007,South,7,15,4,3
O00405,20-06-2025,C0381,P006,West,8,15,5,1
O00406,12-10-2025,C0343,P006,West,3,0,1,1
O00407,11-11-2024,C0350,P010,East,2,10,7,4
O00408,09-01-2024,C0355,P009,East,2,10,7,4
O00409,27-06-2024,C0396,P010,West,6,0,5,1
O00410,18-05-2025,C0437,P010,West,7,20,2,1
O00411,03-04-2024,C0484,P007,West,3,20,3,3
O00412,18-01-2024,C0259,P006,East,2,10,6,1
O00413,14-11-2024,C0136,P006,South,6,0,4,4
O00414,05-09-2024,C0355,P003,North,7,15,1,4
O00415,10-03-2024,C0324,P006,South,6,20,7,4
O00416,14-09-2025,C0329,P002,East,2,15,5,5
O00417,15-03-2025,C0246,P009,East,5,20,3,5
O00418,11-04-2025,C0102,P005,West,8,20,4,1
O00419,16-05-2025,C0189,P005,North,7,5,3,3
O00420,23-09-2024,C0237,P005,South,6,15,6,2
O00421,02-10-2025,C0280,P007,West,8,20,2,2
O00422,23-01-2025,C0467,P002,North,4,0,3,1
O00423,15-08-2025,C0048,P004,South,5,15,4,3
O00424,01-05-2024,C0126,P003,South,5,15,5,3
O00425,10-06-2025,C0325,P004,East,2,0,2,4
O00426,18-06-2025,C0121,P004,West,1,20,2,2
O00427,27-11-2025,C0111,P004,East,4,0,2,5
O00428,27-06-2024,C0208,P003,South,4,5,3,5
O00429,14-08-2024,C0225,P007,South,6,0,4,1
O00430,01-10-2025,C0343,P006,West,8,5,2,5
O00431,16-05-2024,C0396,P008,East,6,20,6,2
O00432,30-11-2024,C0184,P001,East,10,15,4,2
O00433,06-04-2024,C0154,P002,South,9,15,3,2
O00434,19-03-2025,C0479,P007,East,5,10,4,4
O00435,20-08-2024,C0014,P008,West,9,15,3,4
O00436,09-12-2024,C0178,P005,West,1,10,5,3
O00437,18-09-2024,C0142,P003,South,9,15,3,3
O00438,26-09-2024,C0199,P006,East,4,10,1,1
O00439,10-10-2025,C0016,P002,South,2,20,2,2
O00440,03-10-2025,C0318,P005,North,5,0,6,5
O00441,08-11-2025,C0433,P006,North,5,15,3,5
O00442,31-08-2025,C0045,P001,North,2,15,7,5
O00443,07-11-2025,C0343,P007,East,3,20,1,3
O00444,02-09-2025,C0103,P010,South,8,10,4,2
O00445,15-10-2024,C0336,P007,North,2,0,4,1
O00446,12-12-2024,C0213,P007,West,10,10,2,5
O00447,05-05-2024,C0225,P008,East,7,10,7,3
O00448,20-08-2025,C0093,P007,West,5,20,2,1
O00449,01-07-2025,C0236,P002,East,1,5,6,3
O00450,20-11-2024,C0085,P005,West,9,15,1,3
O00451,16-06-2025,C0026,P009,South,1,5,5,5
O00452,11-06-2024,C0211,P004,South,2,20,7,3
O00453,13-06-2024,C0129,P004,East,3,15,6,5
O00454,28-04-2025,C0497,P008,South,8,0,1,3
O00455,06-07-2025,C0282,P005,South,6,15,6,1
O00456,28-10-2025,C0083,P001,South,6,5,5,3
O00457,18-04-2024,C0302,P008,South,9,20,4,5
O00458,23-02-2025,C0336,P006,West,7,0,7,1
O00459,16-12-2025,C0474,P002,North,7,15,6,3
O00460,02-06-2025,C0044,P003,South,5,10,2,1
O00461,15-09-2025,C0384,P006,North,1,10,4,1
O00462,04-02-2024,C0305,P009,South,9,20,3,1
O00463,13-03-2024,C0496,P004,East,9,20,6,1
O00464,01-07-2025,C0322,P010,North,1,20,1,2
O00465,11-08-2025,C0284,P009,North,9,10,2,4
O00466,28-06-2025,C0313,P006,West,2,0,6,2
O00467,17-12-2024,C0367,P001,South,5,15,4,5
O00468,10-11-2024,C0394,P002,North,8,15,1,2
O00469,14-11-2025,C0450,P006,East,10,10,6,4
O00470,03-05-2024,C0450,P006,North,4,5,5,2
O00471,18-01-2024,C0070,P002,North,8,5,2,3
O00472,22-10-2024,C0301,P007,North,6,5,2,4
O00473,24-05-2024,C0291,P008,West,9,15,6,3
O00474,30-06-2024,C0379,P007,East,8,20,7,1
O00475,06-08-2025,C0406,P003,North,2,15,3,5
O00476,28-08-2025,C0498,P001,East,1,0,1,5
O00477,15-12-2024,C0063,P001,North,7,10,3,5
O00478,11-06-2024,C0268,P001,West,4,0,5,4
O00479,26-03-2024,C0222,P002,North,2,5,1,3
O00480,27-08-2024,C0419,P009,South,8,10,5,4
O00481,27-06-2024,C0482,P003,North,1,10,4,5
O00482,21-09-2025,C0446,P001,West,4,0,5,2
O00483,20-05-2025,C0187,P005,East,1,20,1,5
O00484,19-10-2024,C0290,P001,South,10,10,7,2
O00485,20-12-2024,C0492,P004,West,1,5,3,1
O00486,24-05-2024,C0460,P002,North,6,5,5,5
O00487,15-06-2024,C0338,P002,West,3,10,6,4
O00488,11-10-2025,C0401,P008,East,3,10,3,4
O00489,23-04-2024,C0215,P010,West,10,0,4,5
O00490,15-03-2024,C0055,P001,East,4,0,1,3
O00491,01-03-2024,C0337,P001,West,4,5,4,3
O00492,09-03-2024,C0014,P010,South,4,10,3,3
O00493,09-11-2024,C0157,P005,West,10,15,4,4
O00494,29-02-2024,C0492,P009,South,1,10,2,5
O00495,27-10-2025,C0096,P006,West,9,20,1,5
O00496,13-06-2025,C0106,P006,East,6,20,4,2
O00497,29-04-2024,C0316,P005,West,7,15,1,4
O00498,01-05-2025,C0352,P006,North,3,20,3,1
O00499,17-03-2024,C0221,P001,South,2,0,2,3
O00500,22-08-2024,C0222,P003,West,8,5,1,4
O00501,01-12-2024,C0152,P004,West,3,10,3,3
O00502,20-02-2025,C0184,P006,South,4,0,1,4
O00503,23-08-2024,C0093,P007,North,5,10,6,5
O00504,10-06-2025,C0182,P003,West,4,10,1,4
O00505,19-02-2025,C0428,P003,West,7,10,2,4
O00506,11-09-2024,C0126,P009,North,5,0,5,5
O00507,01-06-2024,C0112,P010,West,1,0,2,1
O00508,08-04-2025,C0026,P007,East,4,0,5,4
O00509,21-12-2025,C0001,P009,West,10,10,4,3
O00510,26-01-2024,C0111,P004,North,7,20,5,2
O00511,30-01-2024,C0200,P003,South,1,20,3,4
O00512,15-11-2024,C0284,P005,South,8,15,2,5
O00513,21-11-2025,C0093,P009,North,9,5,1,5
O00514,10-10-2024,C0486,P007,North,4,20,1,3
O00515,11-09-2025,C0030,P001,East,7,0,5,4
O00516,12-09-2024,C0120,P002,West,2,20,1,2
O00517,28-02-2025,C0281,P006,East,8,15,1,5
O00518,01-03-2025,C0264,P008,South,9,15,6,1
O00519,23-01-2025,C0128,P005,South,6,0,2,5
O00520,16-10-2025,C0249,P009,South,7,0,7,3
O00521,17-11-2024,C0320,P010,East,6,0,7,5
O00522,07-01-2024,C0006,P006,East,9,10,1,1
O00523,01-05-2025,C0256,P005,South,8,10,1,2
O00524,14-03-2024,C0384,P008,North,9,20,6,4
O00525,14-10-2024,C0299,P002,East,2,5,7,1
O00526,27-06-2025,C0294,P006,West,3,15,5,4
O00527,14-10-2024,C0288,P006,South,9,5,3,3
O00528,25-02-2024,C0189,P004,North,8,10,3,4
O00529,06-09-2024,C0168,P003,South,2,20,7,4
O00530,08-03-2025,C0264,P001,East,3,5,7,3
O00531,08-01-2025,C0172,P003,South,10,20,1,2
O00532,02-01-2024,C0040,P005,West,5,10,7,2
O00533,20-11-2025,C0175,P010,East,5,20,4,2
O00534,28-12-2024,C0464,P001,East,9,5,3,1
O00535,14-10-2025,C0186,P002,East,3,5,6,1
O00536,01-10-2024,C0241,P004,West,1,15,2,5
O00537,30-09-2024,C0402,P005,West,9,20,7,2
O00538,11-03-2025,C0124,P004,West,10,5,3,1
O00539,09-09-2024,C0208,P007,South,9,0,5,3
O00540,08-11-2025,C0083,P002,West,9,0,2,3
O00541,12-02-2025,C0361,P004,East,10,20,4,2
O00542,09-12-2025,C0189,P002,North,9,20,4,1
O00543,02-08-2024,C0426,P003,East,6,5,7,5
O00544,26-05-2025,C0151,P004,South,1,15,5,5
O00545,26-09-2025,C0211,P007,West,7,10,4,3
O00546,26-08-2025,C0085,P001,East,3,5,2,1
O00547,25-11-2024,C0226,P007,East,4,0,5,4
O00548,18-04-2024,C0364,P004,West,5,15,7,1
O00549,27-08-2025,C0065,P009,North,4,10,6,4
O00550,19-07-2025,C0090,P002,North,2,0,1,1
O00551,15-07-2025,C0396,P005,North,8,5,5,4
O00552,16-08-2024,C0009,P009,West,6,0,2,4
O00553,18-02-2024,C0495,P004,South,6,5,2,4
O00554,10-08-2024,C0132,P009,East,9,0,6,3
O00555,20-05-2024,C0131,P005,East,3,5,5,5
O00556,09-12-2025,C0348,P008,South,5,0,1,2
O00557,12-09-2025,C0128,P003,West,2,0,3,1
O00558,24-06-2024,C0054,P002,North,3,20,4,2
O00559,30-09-2025,C0480,P010,East,7,15,2,3
O00560,13-12-2025,C0075,P010,South,8,15,2,5
O00561,26-04-2024,C0269,P010,North,7,0,2,4
O00562,01-05-2025,C0282,P006,North,1,10,1,5
O00563,30-05-2025,C0071,P010,South,4,5,2,4
O00564,18-11-2024,C0205,P004,South,8,20,2,3
O00565,24-03-2024,C0234,P008,North,1,0,1,1
O00566,18-12-2025,C0416,P001,West,3,0,4,4
O00567,17-05-2024,C0383,P006,South,10,5,3,1
O00568,17-02-2025,C0115,P002,East,2,0,1,1
O00569,25-09-2024,C0299,P006,West,9,5,4,1
O00570,29-10-2025,C0311,P010,East,3,20,5,3
O00571,01-11-2025,C0068,P002,South,4,20,6,1
O00572,07-01-2024,C0147,P004,East,8,15,7,3
O00573,11-01-2024,C0361,P010,East,4,0,7,5
O00574,25-07-2024,C0497,P007,South,8,15,4,4
O00575,12-12-2024,C0430,P008,West,8,10,7,5
O00576,16-07-2025,C0056,P001,West,10,20,3,2
O00577,11-04-2025,C0219,P007,East,6,5,7,5
O00578,28-03-2024,C0212,P004,South,7,10,7,5
O00579,26-05-2025,C0405,P002,East,7,10,1,2
O00580,11-04-2024,C0047,P006,West,9,0,6,1
O00581,20-04-2025,C0304,P002,East,9,15,6,1
O00582,25-12-2025,C0369,P009,South,2,0,4,1
O00583,24-04-2025,C0020,P004,South,3,10,2,2
O00584,24-05-2025,C0290,P002,East,7,5,3,5
O00585,21-08-2024,C0212,P006,North,10,10,2,2
O00586,12-11-2025,C0305,P004,East,2,20,4,3
O00587,27-03-2025,C0032,P010,South,9,10,5,3
O00588,29-03-2025,C0283,P003,East,8,20,2,5
O00589,05-01-2024,C0323,P007,East,6,5,4,4
O00590,21-12-2025,C0459,P007,East,2,0,4,5
O00591,17-01-2024,C0049,P004,North,6,15,2,1
O00592,02-08-2025,C0439,P007,North,8,15,4,3
O00593,24-05-2024,C0164,P002,South,5,10,6,5
O00594,19-07-2025,C0262,P009,West,1,15,4,4
O00595,08-04-2024,C0462,P004,North,4,10,4,5
O00596,28-07-2025,C0021,P002,West,9,10,5,5
O00597,09-06-2024,C0194,P008,South,9,15,6,3
O00598,25-03-2025,C0437,P004,West,4,20,4,3
O00599,30-11-2025,C0266,P006,East,7,10,4,5
O00600,28-07-2024,C0123,P001,West,1,15,4,4
O00601,18-02-2024,C0160,P005,West,6,20,5,2
O00602,19-03-2025,C0152,P009,East,9,0,3,4
O00603,21-10-2024,C0402,P002,West,3,15,2,3
O00604,06-08-2024,C0396,P006,West,9,10,5,2
O00605,27-11-2025,C0472,P006,North,4,15,4,3
O00606,05-10-2024,C0364,P004,East,2,0,5,1
O00607,01-05-2025,C0147,P007,West,3,20,1,4
O00608,01-05-2024,C0473,P004,South,1,5,6,5
O00609,23-03-2025,C0391,P008,South,9,15,1,3
O00610,13-09-2024,C0038,P006,South,6,5,6,1
O00611,22-02-2024,C0177,P010,South,5,20,2,4
O00612,01-12-2024,C0172,P005,North,4,0,1,2
O00613,13-02-2025,C0166,P009,East,8,0,3,3
O00614,15-03-2025,C0422,P006,East,1,10,2,5
O00615,24-03-2024,C0011,P009,East,8,5,2,2
O00616,25-09-2025,C0155,P001,South,8,20,6,4
O00617,04-06-2025,C0065,P004,North,3,10,1,3
O00618,15-01-2024,C0431,P005,West,3,0,4,3
O00619,11-06-2024,C0413,P007,East,8,5,5,3
O00620,11-01-2024,C0496,P002,East,6,20,3,5
O00621,08-08-2024,C0021,P006,East,9,0,4,5
O00622,15-08-2024,C0034,P007,West,5,20,7,3
O00623,27-06-2024,C0205,P003,North,4,15,7,5
O00624,07-11-2025,C0354,P005,West,3,10,1,4
O00625,15-09-2024,C0167,P005,North,5,15,5,1
O00626,10-08-2024,C0105,P001,North,7,20,6,4
O00627,09-04-2025,C0340,P002,East,1,0,4,3
O00628,04-12-2025,C0301,P005,South,2,20,2,5
O00629,28-07-2024,C0234,P005,West,7,15,1,4
O00630,03-12-2024,C0376,P003,East,7,5,1,4
O00631,31-10-2024,C0197,P001,South,6,10,5,3
O00632,11-09-2025,C0403,P007,West,7,5,2,5
O00633,29-10-2024,C0419,P006,South,8,15,1,3
O00634,25-04-2024,C0410,P006,South,1,5,5,1
O00635,08-05-2024,C0388,P006,East,4,5,4,3
O00636,25-02-2024,C0202,P008,South,3,15,7,5
O00637,09-11-2024,C0402,P009,East,9,5,7,2
O00638,27-05-2024,C0486,P004,East,1,5,2,5
O00639,15-11-2024,C0366,P009,West,8,0,6,2
O00640,22-01-2025,C0405,P010,South,9,5,3,2
O00641,04-07-2024,C0114,P004,West,8,15,3,2
O00642,01-02-2025,C0299,P001,South,10,5,1,1
O00643,17-10-2025,C0066,P001,West,8,20,7,5
O00644,25-08-2025,C0213,P008,East,5,0,5,4
O00645,02-05-2025,C0278,P004,West,6,10,3,5
O00646,28-01-2024,C0098,P004,North,7,5,7,5
O00647,30-03-2025,C0016,P004,South,3,0,5,3
O00648,05-10-2024,C0438,P003,South,6,10,6,3
O00649,13-02-2024,C0129,P009,East,6,20,3,3
O00650,18-04-2025,C0431,P009,South,5,0,6,1
O00651,09-07-2025,C0290,P009,West,2,0,7,2
O00652,20-02-2025,C0174,P005,North,4,15,2,2
O00653,30-05-2024,C0002,P006,South,3,0,1,2
O00654,24-11-2024,C0159,P005,West,7,15,5,3
O00655,05-08-2025,C0466,P008,North,10,0,3,4
O00656,01-08-2024,C0161,P006,North,7,10,7,2
O00657,27-05-2024,C0468,P003,East,2,20,6,3
O00658,09-02-2024,C0221,P003,East,3,0,7,5
O00659,05-11-2025,C0382,P004,West,8,5,1,5
O00660,01-07-2024,C0458,P009,East,5,5,4,5
O00661,12-06-2024,C0262,P007,North,1,10,4,3
O00662,03-01-2024,C0241,P005,East,1,15,5,5
O00663,27-06-2024,C0464,P003,West,6,15,7,4
O00664,16-06-2024,C0422,P010,South,6,20,7,5
O00665,22-02-2024,C0060,P010,West,7,15,7,5
O00666,29-10-2025,C0058,P004,South,6,10,7,1
O00667,08-02-2024,C0005,P008,East,7,5,2,5
O00668,01-12-2024,C0202,P004,South,2,10,2,3
O00669,31-01-2025,C0161,P007,South,4,5,2,4
O00670,18-03-2024,C0065,P001,East,6,15,2,5
O00671,16-12-2025,C0164,P006,West,7,15,1,4
O00672,14-12-2024,C0171,P005,East,9,20,1,3
O00673,23-11-2025,C0419,P006,West,7,0,5,3
O00674,07-01-2025,C0141,P001,North,4,15,2,2
O00675,09-04-2024,C0322,P008,South,4,0,7,1
O00676,04-01-2024,C0099,P004,South,2,5,3,3
O00677,11-07-2025,C0241,P008,South,2,0,6,1
O00678,11-09-2025,C0008,P009,East,6,0,3,4
O00679,15-08-2024,C0078,P001,East,4,10,1,2
O00680,03-02-2025,C0267,P010,West,8,15,1,5
O00681,10-06-2025,C0238,P008,North,8,20,6,2
O00682,18-01-2024,C0440,P006,West,10,20,4,2
O00683,16-03-2025,C0033,P010,North,1,5,2,3
O00684,16-02-2025,C0193,P003,North,6,10,2,1
O00685,08-02-2024,C0273,P008,South,2,20,5,4
O00686,23-11-2025,C0132,P009,North,9,5,3,3
O00687,01-08-2024,C0201,P003,South,10,5,3,3
O00688,13-01-2025,C0014,P006,West,2,5,1,3
O00689,26-11-2024,C0387,P001,East,6,15,7,1
O00690,01-07-2024,C0326,P004,West,7,0,5,1
O00691,08-11-2024,C0212,P006,East,10,15,4,3
O00692,02-10-2025,C0181,P003,West,9,15,1,2
O00693,22-12-2025,C0012,P010,South,6,5,3,4
O00694,13-07-2025,C0455,P005,East,10,20,7,3
O00695,23-12-2024,C0073,P009,East,9,15,2,3
O00696,13-03-2025,C0468,P004,East,9,0,6,1
O00697,20-05-2025,C0104,P007,South,1,5,4,1
O00698,16-07-2025,C0308,P007,South,8,10,5,5
O00699,10-08-2025,C0032,P004,West,2,0,1,3
O00700,22-08-2024,C0407,P002,East,10,10,2,2
O00701,28-01-2025,C0498,P003,West,7,10,1,4
O00702,04-05-2024,C0088,P001,East,4,5,6,4
O00703,31-01-2024,C0119,P002,East,2,10,3,4
O00704,15-06-2024,C0069,P005,South,6,0,5,2
O00705,14-11-2024,C0013,P002,West,1,5,5,1
O00706,13-08-2025,C0073,P003,South,10,15,1,5
O00707,18-07-2025,C0237,P005,East,1,10,2,3
O00708,28-01-2025,C0217,P005,North,6,15,2,4
O00709,20-03-2025,C0186,P003,East,2,20,1,1
O00710,05-02-2025,C0179,P009,West,4,15,1,2
O00711,04-06-2025,C0291,P004,East,1,15,7,2
O00712,15-08-2024,C0198,P008,South,6,20,7,5
O00713,09-06-2024,C0159,P006,West,4,15,1,3
O00714,28-12-2024,C0411,P007,North,10,10,2,2
O00715,02-12-2024,C0107,P005,West,6,20,3,5
O00716,28-03-2025,C0248,P005,East,8,10,2,5
O00717,13-03-2024,C0332,P008,East,8,5,2,4
O00718,03-10-2024,C0330,P008,West,1,10,3,4
O00719,02-07-2024,C0425,P003,South,3,5,6,2
O00720,23-03-2024,C0497,P009,North,4,0,5,4
O00721,11-01-2024,C0122,P006,South,6,15,1,3
O00722,14-04-2025,C0011,P003,South,6,5,7,1
O00723,18-06-2024,C0207,P002,North,2,20,5,3
O00724,12-01-2025,C0102,P007,South,7,0,6,4
O00725,17-05-2025,C0152,P001,South,6,15,7,3
O00726,07-11-2024,C0230,P001,South,1,5,5,2
O00727,13-09-2025,C0054,P008,East,7,10,3,4
O00728,12-07-2024,C0391,P010,South,10,10,1,2
O00729,14-02-2025,C0102,P003,East,7,20,5,4
O00730,11-05-2024,C0107,P009,West,1,15,6,5
O00731,02-03-2024,C0242,P004,West,1,0,2,3
O00732,04-10-2024,C0368,P003,South,5,5,5,2
O00733,08-03-2024,C0379,P008,East,5,5,6,2
O00734,06-06-2024,C0427,P001,West,6,15,3,4
O00735,15-12-2025,C0246,P010,North,7,20,1,1
O00736,27-09-2024,C0381,P010,North,3,0,4,1
O00737,23-06-2025,C0256,P007,North,7,5,4,1
O00738,28-07-2024,C0430,P005,South,8,10,7,1
O00739,06-04-2024,C0465,P002,East,8,5,4,3
O00740,08-06-2024,C0016,P006,West,4,20,4,3
O00741,19-12-2024,C0054,P009,North,2,0,1,3
O00742,08-04-2024,C0475,P002,South,4,5,3,5
O00743,12-01-2024,C0215,P007,East,9,5,6,1
O00744,17-08-2024,C0180,P009,West,3,0,4,5
O00745,21-11-2024,C0146,P008,North,6,5,6,4
O00746,08-05-2025,C0383,P001,North,5,20,1,3
O00747,08-02-2024,C0091,P002,East,5,20,1,1
O00748,06-06-2025,C0289,P009,West,5,5,1,5
O00749,14-09-2025,C0418,P005,South,4,20,3,2
O00750,27-10-2024,C0433,P008,North,5,0,4,1
O00751,19-05-2025,C0434,P005,West,6,15,3,2
O00752,21-01-2024,C0241,P003,South,3,15,1,2
O00753,27-03-2025,C0302,P009,East,10,20,3,3
O00754,13-12-2025,C0233,P007,South,6,15,5,3
O00755,06-08-2025,C0387,P008,East,7,10,7,1
O00756,15-05-2025,C0165,P010,North,2,0,6,3
O00757,01-09-2024,C0338,P009,North,4,0,2,1
O00758,30-09-2024,C0228,P010,East,9,20,1,2
O00759,04-02-2025,C0462,P005,North,1,15,3,2
O00760,14-04-2025,C0182,P002,South,4,15,6,3
O00761,15-11-2024,C0229,P004,North,4,15,2,2
O00762,21-01-2024,C0032,P006,North,1,20,4,5
O00763,13-12-2025,C0046,P008,East,5,5,3,3
O00764,04-02-2024,C0103,P001,West,9,10,6,2
O00765,21-12-2025,C0104,P001,West,7,0,3,2
O00766,03-10-2025,C0486,P004,East,7,15,1,1
O00767,16-12-2025,C0249,P003,East,10,20,2,3
O00768,16-07-2025,C0127,P002,West,10,20,4,2
O00769,01-07-2024,C0222,P005,East,9,10,2,5
O00770,15-08-2025,C0072,P010,South,3,10,2,2
O00771,21-02-2024,C0065,P008,South,4,15,6,4
O00772,22-06-2025,C0194,P008,North,8,5,4,3
O00773,02-04-2024,C0439,P010,North,5,10,6,3
O00774,20-08-2024,C0058,P002,East,9,0,3,1
O00775,05-01-2025,C0450,P004,North,5,0,6,3
O00776,30-04-2024,C0359,P004,South,8,15,4,1
O00777,12-04-2024,C0396,P003,West,9,20,4,1
O00778,27-07-2025,C0246,P010,West,5,20,5,2
O00779,24-05-2025,C0117,P002,East,8,0,3,4
O00780,05-05-2024,C0022,P005,North,2,0,4,3
O00781,22-01-2025,C0050,P005,North,1,20,3,1
O00782,31-08-2025,C0159,P009,West,10,15,5,4
O00783,21-12-2024,C0143,P010,South,7,20,6,2
O00784,17-06-2024,C0407,P003,West,1,10,4,5
O00785,07-08-2024,C0431,P009,West,4,5,1,2
O00786,11-01-2025,C0401,P002,South,1,10,6,5
O00787,25-02-2025,C0367,P002,South,1,5,1,2
O00788,12-08-2024,C0241,P008,West,1,20,7,3
O00789,11-11-2024,C0069,P010,West,4,15,5,3
O00790,18-11-2024,C0319,P002,East,8,5,4,2
O00791,12-07-2025,C0471,P005,North,6,5,5,3
O00792,07-04-2025,C0260,P010,South,2,5,1,4
O00793,29-04-2025,C0211,P009,North,8,5,4,4
O00794,26-11-2024,C0151,P001,West,1,0,2,5
O00795,25-11-2024,C0208,P005,North,7,0,7,1
O00796,29-03-2025,C0113,P008,South,2,15,4,5
O00797,03-09-2024,C0192,P007,West,4,20,6,1
O00798,18-07-2024,C0237,P002,East,7,10,2,2
O00799,22-02-2025,C0196,P010,South,3,0,3,5
O00800,18-02-2024,C0160,P007,West,10,10,2,5
O00801,21-08-2025,C0456,P002,West,3,10,6,2
O00802,11-06-2025,C0153,P004,West,6,10,1,2
O00803,04-12-2024,C0331,P010,West,1,5,1,1
O00804,18-05-2025,C0170,P005,North,10,5,3,4
O00805,24-09-2024,C0448,P009,South,8,10,6,1
O00806,14-09-2024,C0447,P009,North,9,20,7,5
O00807,27-10-2025,C0283,P003,West,4,15,2,5
O00808,29-09-2025,C0084,P010,South,10,5,3,5
O00809,03-03-2025,C0394,P007,South,1,20,4,1
O00810,15-01-2025,C0278,P009,West,2,20,3,2
O00811,08-05-2025,C0348,P007,West,1,10,2,1
O00812,16-10-2024,C0408,P008,East,1,15,2,5
O00813,31-08-2024,C0487,P009,South,4,20,3,1
O00814,02-05-2024,C0128,P008,South,6,5,2,4
O00815,27-12-2025,C0169,P007,West,5,20,3,1
O00816,14-07-2024,C0317,P001,East,8,15,7,4
O00817,26-04-2024,C0248,P006,South,9,20,4,2
O00818,30-10-2024,C0245,P003,East,6,10,4,5
O00819,28-01-2025,C0311,P007,West,10,15,2,3
O00820,12-05-2025,C0225,P009,South,8,0,7,1
O00821,31-08-2025,C0135,P006,East,6,15,1,2
O00822,26-05-2025,C0363,P008,East,4,5,4,5
O00823,25-09-2025,C0254,P008,East,2,15,4,5
O00824,25-07-2024,C0224,P001,North,8,0,4,2
O00825,28-08-2025,C0455,P008,West,7,0,3,3
O00826,31-10-2024,C0393,P005,East,4,5,7,4
O00827,27-10-2025,C0167,P003,North,10,0,6,2
O00828,19-08-2024,C0332,P004,North,7,20,1,5
O00829,11-03-2024,C0470,P001,West,4,0,5,2
O00830,12-12-2025,C0088,P007,North,6,20,7,3
O00831,21-03-2025,C0432,P008,East,1,20,3,1
O00832,03-09-2024,C0432,P004,West,5,10,4,2
O00833,04-02-2024,C0305,P008,East,10,10,6,5
O00834,13-10-2025,C0070,P008,West,4,5,3,5
O00835,16-08-2024,C0495,P003,South,1,5,6,5
O00836,07-10-2024,C0143,P008,East,9,15,4,5
O00837,28-11-2025,C0184,P007,North,4,15,4,2
O00838,24-10-2024,C0444,P002,East,2,5,7,4
O00839,07-12-2025,C0370,P001,West,9,20,7,5
O00840,01-05-2025,C0134,P010,South,6,0,3,3
O00841,06-08-2025,C0126,P010,South,5,20,6,4
O00842,27-09-2024,C0491,P001,East,9,10,2,1
O00843,06-09-2024,C0484,P005,South,2,10,2,3
O00844,22-04-2025,C0136,P008,North,2,0,3,1
O00845,29-12-2025,C0023,P008,East,6,5,4,2
O00846,15-07-2024,C0238,P010,North,4,15,6,4
O00847,13-11-2025,C0064,P010,North,3,5,5,4
O00848,13-01-2025,C0456,P008,East,7,20,4,3
O00849,20-11-2025,C0324,P008,West,3,5,5,2
O00850,14-07-2025,C0282,P009,South,3,20,4,3
O00851,25-11-2025,C0323,P004,North,3,10,4,5
O00852,28-10-2024,C0080,P007,North,3,20,3,1
O00853,24-05-2025,C0160,P010,East,7,5,5,2
O00854,05-08-2025,C0011,P004,East,4,20,6,5
O00855,03-10-2025,C0053,P008,West,6,10,2,5
O00856,23-09-2024,C0278,P001,East,3,15,2,3
O00857,12-05-2025,C0040,P008,South,4,0,6,2
O00858,22-12-2024,C0090,P007,North,8,20,1,4
O00859,13-03-2025,C0212,P005,West,10,5,6,3
O00860,25-07-2024,C0007,P005,West,7,20,5,4
O00861,25-01-2024,C0293,P003,West,5,5,5,4
O00862,23-02-2024,C0093,P005,South,6,20,1,2
O00863,01-02-2025,C0204,P007,North,2,0,7,4
O00864,11-02-2024,C0453,P008,South,2,20,3,1
O00865,02-10-2024,C0169,P001,South,2,15,1,3
O00866,17-07-2024,C0347,P005,East,7,15,7,2
O00867,13-11-2025,C0318,P007,West,4,20,7,5
O00868,23-03-2024,C0122,P008,South,8,0,4,5
O00869,11-09-2024,C0011,P009,East,1,10,2,4
O00870,02-03-2025,C0216,P003,East,3,5,6,2
O00871,05-07-2025,C0145,P001,West,2,20,6,4
O00872,12-01-2025,C0326,P002,North,9,20,4,3
O00873,28-10-2024,C0323,P006,East,1,5,4,5
O00874,21-12-2025,C0172,P005,North,3,5,3,4
O00875,17-05-2025,C0307,P005,South,4,5,7,1
O00876,16-04-2024,C0271,P006,West,6,5,7,3
O00877,16-08-2024,C0340,P010,West,1,0,1,4
O00878,24-08-2024,C0393,P006,East,3,10,1,2
O00879,15-06-2024,C0148,P009,North,4,10,6,3
O00880,15-02-2024,C0294,P003,South,3,15,6,5
O00881,30-12-2024,C0389,P004,North,9,20,1,1
O00882,16-09-2024,C0030,P005,East,7,20,7,4
O00883,04-07-2024,C0326,P005,South,2,5,2,3
O00884,11-08-2025,C0073,P006,South,8,15,3,2
O00885,09-08-2024,C0049,P002,South,4,0,2,5
O00886,29-07-2024,C0192,P002,North,2,20,2,3
O00887,17-12-2025,C0253,P001,East,3,15,3,1
O00888,30-07-2024,C0427,P010,West,3,5,5,3
O00889,01-06-2024,C0129,P010,South,4,20,1,4
O00890,15-11-2025,C0411,P003,East,4,15,6,3
O00891,04-03-2024,C0302,P005,North,2,10,3,4
O00892,29-03-2025,C0459,P004,West,6,0,5,2
O00893,28-07-2024,C0065,P001,South,10,20,1,2
O00894,22-05-2025,C0243,P009,East,9,0,2,3
O00895,07-04-2025,C0394,P008,North,4,0,2,5
O00896,04-10-2024,C0186,P005,North,9,5,1,2
O00897,29-06-2025,C0303,P008,North,8,10,5,2
O00898,11-08-2024,C0395,P002,South,2,20,7,1
O00899,03-01-2025,C0215,P005,North,7,10,4,2
O00900,04-12-2024,C0420,P009,North,8,15,4,3
O00901,04-06-2025,C0410,P003,West,9,15,6,2
O00902,13-09-2025,C0127,P007,West,2,5,7,4
O00903,29-04-2024,C0160,P005,North,5,15,6,3
O00904,03-11-2024,C0340,P003,East,8,15,7,5
O00905,16-04-2025,C0141,P004,East,5,5,4,4
O00906,26-01-2025,C0046,P002,West,7,20,1,5
O00907,29-09-2025,C0279,P008,North,1,15,5,5
O00908,02-08-2024,C0031,P006,South,10,0,1,5
O00909,08-10-2025,C0072,P004,East,3,10,3,1
O00910,04-04-2025,C0130,P005,East,1,15,7,2
O00911,11-01-2024,C0341,P006,South,3,20,2,4
O00912,12-09-2024,C0404,P004,North,7,0,7,2
O00913,26-12-2024,C0178,P003,West,10,5,6,2
O00914,13-09-2025,C0300,P001,South,4,15,6,1
O00915,14-05-2024,C0064,P008,West,3,15,7,4
O00916,09-03-2025,C0321,P003,East,9,0,6,3
O00917,08-10-2024,C0098,P002,West,9,10,1,5
O00918,01-07-2024,C0273,P009,East,8,0,2,4
O00919,20-07-2024,C0007,P001,South,3,5,7,5
O00920,20-03-2024,C0090,P010,South,10,10,6,1
O00921,12-12-2025,C0047,P004,North,10,0,2,2
O00922,24-11-2024,C0230,P008,East,2,15,5,4
O00923,09-09-2024,C0012,P004,North,2,20,6,5
O00924,27-10-2025,C0398,P003,East,10,5,6,5
O00925,06-12-2024,C0382,P001,West,2,0,4,1
O00926,04-04-2025,C0438,P003,West,7,20,6,1
O00927,04-02-2024,C0381,P010,East,9,15,1,3
O00928,14-04-2024,C0491,P004,North,10,5,3,3
O00929,23-12-2024,C0067,P009,South,8,20,2,1
O00930,04-01-2024,C0233,P006,West,4,10,2,1
O00931,07-05-2025,C0284,P001,West,5,20,4,4
O00932,26-06-2024,C0022,P008,North,8,0,2,3
O00933,12-06-2024,C0006,P005,South,2,5,1,4
O00934,16-03-2024,C0372,P004,South,4,10,5,2
O00935,18-06-2025,C0092,P009,West,4,5,6,4
O00936,17-03-2025,C0269,P005,North,9,15,1,4
O00937,01-07-2024,C0442,P005,East,8,20,5,3
O00938,12-01-2025,C0329,P005,West,5,15,7,1
O00939,29-11-2025,C0278,P009,West,2,15,3,5
O00940,07-01-2025,C0463,P007,West,7,15,6,1
O00941,04-11-2025,C0128,P007,North,1,10,2,3
O00942,31-05-2024,C0305,P002,West,5,15,2,4
O00943,15-05-2025,C0231,P008,West,1,0,5,4
O00944,09-05-2024,C0153,P007,East,9,5,5,5
O00945,09-12-2024,C0204,P001,North,3,5,5,4
O00946,20-08-2024,C0336,P002,South,9,5,4,5
O00947,17-06-2025,C0224,P007,East,1,10,2,2
O00948,01-12-2024,C0003,P002,South,3,0,4,3
O00949,28-08-2024,C0013,P006,North,6,15,6,5
O00950,17-08-2025,C0349,P003,North,3,10,3,5
O00951,15-03-2025,C0309,P004,North,6,15,4,4
O00952,16-06-2024,C0051,P008,South,6,10,7,4
O00953,19-09-2024,C0147,P006,North,7,10,3,5
O00954,21-09-2025,C0012,P009,South,3,0,4,2
O00955,05-06-2025,C0041,P008,South,3,15,3,4
O00956,27-06-2024,C0307,P009,East,7,5,2,1
O00957,22-04-2024,C0442,P005,East,2,10,1,2
O00958,23-10-2024,C0377,P003,East,5,5,1,3
O00959,24-03-2024,C0233,P010,South,7,10,4,4
O00960,09-10-2025,C0251,P005,West,9,0,5,1
O00961,28-05-2024,C0098,P001,North,3,20,7,2
O00962,20-09-2025,C0242,P004,West,6,15,3,1
O00963,28-01-2024,C0008,P008,South,4,5,4,4
O00964,19-07-2025,C0182,P006,North,10,10,4,1
O00965,30-04-2024,C0112,P005,North,1,10,7,1
O00966,03-08-2024,C0484,P009,West,8,15,3,5
O00967,21-09-2025,C0243,P010,North,1,0,6,2
O00968,10-04-2024,C0340,P001,West,8,10,3,2
O00969,11-12-2024,C0190,P005,North,4,20,5,5
O00970,23-08-2024,C0227,P004,East,8,5,1,3
O00971,20-06-2025,C0141,P002,North,1,20,1,1
O00972,08-08-2025,C0295,P003,East,4,5,3,1
O00973,26-05-2024,C0440,P002,North,9,10,5,4
O00974,09-01-2024,C0267,P010,South,1,5,2,3
O00975,26-01-2024,C0391,P010,East,4,10,1,4
O00976,16-08-2024,C0406,P006,North,1,20,7,3
O00977,21-04-2024,C0078,P007,West,2,5,7,4
O00978,08-02-2025,C0171,P001,West,10,0,5,5
O00979,28-09-2025,C0110,P003,West,9,10,4,4
O00980,05-08-2025,C0167,P008,South,9,10,5,2
O00981,27-05-2024,C0222,P009,North,6,20,1,2
O00982,19-06-2025,C0082,P001,West,9,10,5,4
O00983,19-01-2024,C0140,P006,West,1,15,6,1
O00984,05-09-2025,C0334,P004,West,4,15,6,3
O00985,31-03-2025,C0440,P006,South,2,0,1,4
O00986,01-11-2025,C0018,P001,South,10,0,4,2
O00987,17-06-2024,C0256,P009,West,9,15,1,5
O00988,09-06-2024,C0489,P005,North,2,0,2,2
O00989,14-04-2024,C0430,P007,East,5,20,7,5
O00990,07-06-2025,C0182,P007,West,3,20,3,5
O00991,15-05-2025,C0291,P007,East,3,5,7,3
O00992,10-08-2024,C0051,P004,North,7,5,7,2
O00993,09-01-2025,C0401,P010,West,3,0,5,2
O00994,25-02-2024,C0080,P008,North,4,5,1,1
O00995,13-02-2024,C0403,P010,North,7,0,3,5
O00996,29-05-2025,C0490,P007,North,5,15,7,1
O00997,06-12-2024,C0482,P004,North,10,10,4,4
O00998,02-09-2025,C0123,P009,North,2,10,4,1
O00999,19-07-2024,C0117,P002,West,10,0,6,5
O01000,20-04-2025,C0075,P010,West,9,20,5,4
O01001,26-11-2024,C0216,P007,North,10,0,1,4
O01002,26-09-2025,C0174,P006,North,3,15,6,3
O01003,07-05-2024,C0376,P010,South,7,10,1,5
O01004,31-03-2024,C0076,P006,East,6,5,3,1
O01005,23-04-2024,C0328,P003,East,10,20,1,3
O01006,15-12-2025,C0370,P004,South,2,15,1,4
O01007,31-08-2025,C0130,P009,East,2,10,4,1
O01008,15-12-2024,C0166,P001,East,2,20,3,2
O01009,25-08-2025,C0359,P008,West,2,15,5,4
O01010,22-01-2024,C0236,P009,West,9,5,1,4
O01011,01-05-2025,C0182,P002,West,9,10,6,5
O01012,27-06-2025,C0281,P010,West,10,20,6,4
O01013,03-07-2024,C0265,P010,West,6,20,6,1
O01014,26-09-2024,C0478,P009,East,5,15,1,3
O01015,26-12-2025,C0251,P003,South,6,0,1,4
O01016,08-12-2025,C0233,P009,West,7,5,7,4
O01017,13-09-2024,C0149,P007,East,9,15,1,2
O01018,06-12-2024,C0187,P007,South,2,20,5,3
O01019,15-01-2024,C0006,P002,North,10,15,5,3
O01020,05-10-2025,C0118,P002,South,10,15,1,5
O01021,26-12-2025,C0458,P007,East,10,5,3,4
O01022,20-03-2024,C0241,P008,East,2,15,2,5
O01023,25-12-2024,C0060,P007,South,3,20,3,1
O01024,31-10-2025,C0441,P002,East,2,10,3,5
O01025,23-09-2024,C0040,P003,East,6,10,5,3
O01026,13-12-2025,C0257,P004,East,9,0,5,3
O01027,15-08-2024,C0093,P001,South,9,15,7,4
O01028,21-12-2025,C0471,P008,North,9,15,4,4
O01029,15-08-2025,C0138,P002,North,9,5,3,4
O01030,12-07-2025,C0096,P006,West,7,15,6,3
O01031,12-09-2025,C0043,P005,North,6,20,2,4
O01032,27-03-2025,C0245,P008,South,8,10,1,1
O01033,22-03-2024,C0168,P009,North,6,15,1,1
O01034,27-01-2024,C0164,P006,East,8,5,4,3
O01035,10-01-2025,C0052,P003,West,5,5,5,3
O01036,11-11-2025,C0101,P006,East,2,15,3,5
O01037,17-01-2025,C0341,P002,South,2,10,5,5
O01038,02-03-2025,C0158,P006,North,7,0,2,2
O01039,16-07-2024,C0105,P004,South,6,20,1,2
O01040,18-08-2025,C0170,P005,South,6,10,5,4
O01041,17-07-2024,C0182,P002,East,4,20,7,5
O01042,18-07-2024,C0393,P004,East,9,15,4,4
O01043,30-12-2024,C0139,P008,South,8,20,4,2
O01044,27-12-2025,C0337,P006,South,3,0,1,3
O01045,22-07-2024,C0367,P007,West,10,5,2,1
O01046,09-03-2024,C0097,P010,South,5,5,4,3
O01047,21-09-2025,C0268,P001,South,1,15,5,3
O01048,22-10-2024,C0302,P003,East,8,0,2,2
O01049,15-04-2025,C0299,P001,North,6,20,2,1
O01050,09-02-2024,C0278,P003,East,5,10,2,2
O01051,13-04-2025,C0146,P005,West,4,5,4,1
O01052,07-11-2025,C0225,P005,West,1,10,4,2
O01053,04-12-2025,C0434,P002,North,9,15,4,5
O01054,06-03-2024,C0189,P003,South,7,5,3,1
O01055,20-08-2025,C0383,P001,West,7,0,1,3
O01056,01-01-2024,C0391,P001,East,8,5,5,5
O01057,27-11-2025,C0479,P005,North,1,5,6,3
O01058,17-04-2025,C0174,P009,South,6,15,4,4
O01059,19-09-2025,C0024,P003,West,8,0,4,5
O01060,14-09-2024,C0379,P009,West,4,10,3,2
O01061,30-12-2024,C0452,P007,North,7,15,1,4
O01062,19-05-2024,C0283,P003,South,1,0,5,1
O01063,29-03-2024,C0178,P005,North,8,10,2,4
O01064,25-03-2024,C0187,P005,North,6,10,5,5
O01065,02-12-2025,C0427,P002,East,9,0,5,2
O01066,23-04-2024,C0183,P008,East,5,20,6,3
O01067,30-12-2025,C0410,P002,South,5,0,1,3
O01068,07-02-2024,C0226,P008,East,7,0,5,3
O01069,11-05-2024,C0323,P002,North,1,15,5,2
O01070,05-12-2024,C0012,P005,South,9,10,4,3
O01071,26-07-2024,C0494,P004,North,2,20,5,5
O01072,28-01-2025,C0337,P007,East,2,5,2,3
O01073,06-06-2025,C0134,P006,West,3,5,2,5
O01074,12-10-2025,C0008,P008,South,1,5,7,4
O01075,22-03-2024,C0457,P008,South,1,10,7,3
O01076,17-02-2024,C0485,P003,West,7,15,5,4
O01077,26-01-2025,C0164,P008,South,4,15,6,4
O01078,17-09-2025,C0152,P010,East,4,5,1,2
O01079,06-11-2025,C0283,P004,South,5,5,1,1
O01080,14-12-2025,C0170,P005,South,9,20,1,1
O01081,14-02-2024,C0491,P005,West,2,0,6,2
O01082,08-04-2025,C0326,P005,South,7,20,2,1
O01083,26-03-2024,C0102,P004,North,7,15,3,3
O01084,06-03-2025,C0236,P009,South,3,15,7,3
O01085,22-09-2025,C0423,P001,East,4,20,1,1
O01086,15-02-2024,C0285,P004,East,6,15,6,1
O01087,13-01-2024,C0258,P005,North,8,5,1,1
O01088,27-02-2024,C0424,P002,East,2,5,6,2
O01089,15-08-2024,C0376,P005,North,5,0,2,2
O01090,18-07-2024,C0224,P009,West,6,15,7,5
O01091,23-06-2024,C0035,P002,East,7,5,1,4
O01092,14-02-2025,C0373,P005,South,6,20,7,2
O01093,23-09-2024,C0449,P001,South,4,15,7,4
O01094,28-02-2024,C0270,P004,East,5,10,3,2
O01095,18-09-2025,C0184,P002,West,8,15,5,5
O01096,05-10-2025,C0356,P005,East,2,0,7,1
O01097,30-03-2024,C0099,P010,North,9,5,5,3
O01098,06-09-2024,C0430,P009,East,10,0,1,4
O01099,14-06-2025,C0037,P003,South,1,10,4,4
O01100,19-09-2025,C0307,P001,West,6,15,7,1
O01101,19-12-2024,C0191,P003,West,4,15,5,3
O01102,14-01-2025,C0473,P007,East,2,0,6,3
O01103,23-07-2025,C0467,P009,East,3,5,4,1
O01104,16-05-2024,C0243,P010,South,7,15,2,2
O01105,08-09-2025,C0205,P004,North,6,20,2,1
O01106,07-05-2024,C0206,P006,East,7,0,2,3
O01107,07-05-2025,C0017,P001,North,7,20,6,1
O01108,13-06-2024,C0405,P010,East,10,0,3,2
O01109,05-11-2024,C0435,P009,East,8,20,5,2
O01110,13-09-2024,C0211,P009,North,8,5,5,5
O01111,12-06-2025,C0069,P006,South,9,20,6,5
O01112,06-02-2025,C0003,P001,South,2,20,1,1
O01113,29-08-2025,C0320,P003,North,1,20,6,4
O01114,25-11-2024,C0051,P004,North,1,10,1,1
O01115,10-06-2024,C0336,P001,East,7,5,1,2
O01116,15-05-2025,C0238,P010,East,1,20,7,2
O01117,13-09-2025,C0271,P009,West,10,5,6,2
O01118,24-08-2025,C0002,P004,West,8,0,3,1
O01119,25-11-2025,C0484,P004,South,3,20,2,1
O01120,30-05-2024,C0429,P004,North,8,10,2,2
O01121,16-03-2024,C0103,P009,South,3,15,7,2
O01122,08-12-2025,C0061,P007,West,4,5,7,1
O01123,14-12-2024,C0402,P002,West,2,15,1,4
O01124,04-05-2024,C0446,P003,North,9,10,4,1
O01125,05-03-2025,C0453,P001,North,4,5,2,5
O01126,20-07-2024,C0378,P001,North,3,15,2,4
O01127,02-06-2025,C0090,P007,East,8,20,1,5
O01128,26-06-2025,C0482,P007,West,1,20,4,1
O01129,05-07-2025,C0261,P006,East,1,15,7,4
O01130,05-03-2025,C0127,P008,North,4,20,1,5
O01131,28-05-2025,C0395,P003,South,7,0,6,4
O01132,01-06-2025,C0440,P003,East,10,10,6,4
O01133,06-02-2024,C0165,P001,North,1,20,4,4
O01134,02-02-2025,C0410,P008,West,7,10,2,1
O01135,09-02-2024,C0469,P007,South,9,0,5,5
O01136,15-10-2025,C0258,P004,West,2,15,7,4
O01137,20-11-2024,C0065,P007,East,2,20,3,2
O01138,20-01-2024,C0314,P006,North,6,0,2,3
O01139,10-11-2024,C0067,P007,East,4,10,3,2
O01140,06-09-2025,C0047,P002,West,9,0,7,2
O01141,09-04-2024,C0230,P005,East,10,0,3,5
O01142,28-09-2024,C0018,P006,West,7,5,4,1
O01143,15-02-2025,C0411,P004,South,6,10,2,4
O01144,04-04-2025,C0245,P009,West,4,5,1,1
O01145,01-02-2024,C0405,P005,South,4,0,2,2
O01146,20-10-2025,C0312,P002,East,5,15,2,5
O01147,10-09-2024,C0036,P002,South,9,5,1,4
O01148,21-11-2024,C0499,P008,North,9,10,4,4
O01149,13-03-2024,C0442,P001,West,8,15,4,5
O01150,22-06-2024,C0206,P010,North,4,20,3,2
O01151,01-02-2025,C0052,P010,North,1,5,7,1
O01152,07-10-2025,C0338,P010,North,4,15,2,5
O01153,03-12-2025,C0295,P010,North,6,20,4,3
O01154,29-10-2024,C0069,P008,South,4,20,5,2
O01155,19-02-2025,C0002,P008,West,6,15,5,2
O01156,04-03-2025,C0357,P004,South,9,5,2,2
O01157,27-01-2024,C0280,P004,West,1,20,1,3
O01158,05-06-2025,C0352,P002,North,6,0,3,4
O01159,24-09-2025,C0253,P002,North,2,20,4,3
O01160,02-03-2024,C0254,P008,South,1,10,5,5
O01161,07-04-2025,C0279,P003,North,6,0,3,1
O01162,13-09-2024,C0142,P003,West,5,15,1,2
O01163,26-09-2024,C0050,P010,North,9,5,3,3
O01164,02-10-2025,C0265,P002,North,8,10,6,2
O01165,07-05-2024,C0053,P006,South,5,5,7,3
O01166,15-08-2025,C0035,P010,West,4,10,3,2
O01167,08-03-2024,C0468,P008,East,7,20,1,4
O01168,15-11-2025,C0402,P010,South,1,10,5,3
O01169,30-01-2024,C0092,P007,North,4,5,3,2
O01170,15-04-2025,C0385,P006,North,4,15,2,3
O01171,25-03-2025,C0475,P006,West,8,20,3,3
O01172,06-03-2024,C0194,P001,East,1,15,3,2
O01173,28-11-2025,C0009,P006,North,2,15,4,4
O01174,15-08-2025,C0284,P005,North,1,5,2,4
O01175,27-11-2025,C0404,P003,North,10,5,3,3
O01176,27-02-2024,C0452,P010,East,8,15,2,5
O01177,29-02-2024,C0075,P004,West,3,20,7,4
O01178,26-01-2025,C0058,P010,South,6,5,1,5
O01179,27-03-2025,C0314,P006,South,8,0,7,5
O01180,30-07-2025,C0443,P007,South,6,0,2,4
O01181,06-08-2024,C0471,P001,East,3,0,7,2
O01182,24-10-2025,C0143,P004,South,8,0,2,3
O01183,02-08-2025,C0487,P008,East,7,10,5,3
O01184,06-03-2025,C0156,P005,East,6,5,6,2
O01185,28-11-2024,C0221,P003,West,10,5,5,4
O01186,05-08-2025,C0378,P007,West,2,15,5,2
O01187,28-07-2024,C0203,P006,North,2,5,2,2
O01188,09-07-2024,C0138,P005,North,10,5,3,1
O01189,26-01-2025,C0489,P004,West,6,15,5,5
O01190,14-08-2025,C0411,P006,West,1,20,1,2
O01191,09-07-2025,C0492,P008,North,8,10,1,4
O01192,09-12-2025,C0037,P008,West,7,15,5,3
O01193,02-12-2024,C0389,P004,North,5,5,4,2
O01194,26-10-2025,C0295,P002,North,6,10,3,2
O01195,19-03-2024,C0317,P002,South,10,10,5,1
O01196,22-09-2025,C0300,P002,East,3,15,5,3
O01197,22-06-2024,C0355,P006,South,8,0,7,1
O01198,24-10-2025,C0201,P009,East,6,10,3,3
O01199,17-02-2025,C0480,P008,East,5,20,1,1
O01200,19-10-2024,C0201,P004,South,2,0,7,5
O01201,25-07-2025,C0346,P006,South,10,10,1,1
O01202,15-12-2025,C0186,P007,East,3,5,4,1
O01203,11-08-2025,C0285,P010,North,9,15,1,3
O01204,03-07-2024,C0241,P001,North,6,5,1,1
O01205,15-04-2024,C0003,P009,North,9,20,3,4
O01206,11-12-2025,C0239,P005,North,9,15,3,4
O01207,03-08-2024,C0214,P002,East,6,15,7,5
O01208,17-06-2024,C0240,P006,East,6,0,1,3
O01209,07-12-2024,C0425,P002,South,1,20,4,2
O01210,02-03-2025,C0334,P004,North,7,10,3,4
O01211,03-12-2025,C0049,P003,North,2,0,2,4
O01212,30-12-2025,C0323,P009,East,1,15,6,1
O01213,12-05-2025,C0327,P006,East,2,20,7,2
O01214,18-03-2025,C0053,P001,East,5,15,4,1
O01215,01-08-2024,C0158,P004,East,9,15,4,1
O01216,01-01-2025,C0275,P002,North,8,10,1,4
O01217,22-01-2024,C0271,P004,East,7,15,6,4
O01218,23-05-2024,C0483,P004,West,7,5,7,2
O01219,10-03-2024,C0421,P001,North,7,10,1,1
O01220,06-05-2024,C0059,P010,South,1,15,1,4
O01221,18-11-2025,C0412,P005,East,10,0,2,4
O01222,07-02-2025,C0451,P003,East,9,10,3,5
O01223,05-01-2025,C0235,P003,South,10,20,2,3
O01224,08-03-2024,C0439,P007,West,7,10,3,3
O01225,04-09-2024,C0307,P006,West,5,15,5,2
O01226,16-08-2024,C0001,P010,North,1,5,7,2
O01227,25-04-2024,C0429,P005,East,7,15,4,3
O01228,18-08-2025,C0385,P003,South,8,10,5,5
O01229,11-02-2025,C0356,P004,West,6,10,5,4
O01230,16-09-2024,C0340,P002,East,6,0,7,2
O01231,27-12-2024,C0413,P007,West,4,0,3,2
O01232,31-05-2024,C0467,P009,East,4,0,2,5
O01233,27-04-2025,C0339,P004,North,4,5,1,2
O01234,21-12-2025,C0171,P010,East,6,15,4,1
O01235,08-04-2025,C0311,P005,East,4,20,1,3
O01236,13-11-2025,C0058,P008,East,8,15,2,3
O01237,27-05-2024,C0353,P001,North,4,15,7,1
O01238,14-05-2025,C0390,P004,South,7,20,5,5
O01239,20-08-2025,C0155,P009,East,5,15,1,4
O01240,01-06-2024,C0425,P006,South,6,0,5,5
O01241,12-04-2025,C0165,P004,South,3,5,1,4
O01242,31-08-2025,C0499,P003,South,9,10,3,1
O01243,05-11-2025,C0308,P001,East,9,15,5,3
O01244,11-12-2025,C0248,P003,South,3,5,1,5
O01245,29-07-2024,C0141,P003,East,10,20,2,5
O01246,05-10-2025,C0369,P009,West,10,20,2,2
O01247,22-05-2025,C0339,P005,South,5,5,1,4
O01248,21-02-2025,C0187,P005,East,9,20,5,1
O01249,07-02-2024,C0241,P006,South,10,0,2,3
O01250,29-09-2025,C0262,P006,North,9,15,4,2
O01251,04-08-2024,C0184,P002,North,6,20,6,2
O01252,31-05-2024,C0216,P008,South,2,10,1,1
O01253,24-09-2025,C0447,P007,North,1,20,5,1
O01254,20-08-2024,C0319,P001,East,5,15,3,5
O01255,18-01-2024,C0202,P007,East,2,15,3,3
O01256,08-04-2024,C0293,P008,East,2,20,6,3
O01257,11-11-2025,C0226,P005,West,10,20,5,4
O01258,08-05-2024,C0383,P006,East,6,15,6,1
O01259,10-11-2024,C0005,P002,East,4,20,1,5
O01260,08-12-2025,C0126,P009,West,3,10,2,4
O01261,03-12-2024,C0328,P008,West,4,5,5,4
O01262,12-05-2025,C0155,P009,East,1,15,2,3
O01263,30-11-2025,C0103,P005,South,6,20,5,5
O01264,02-10-2024,C0226,P009,East,10,15,4,2
O01265,26-12-2024,C0160,P010,South,8,10,4,4
O01266,06-11-2025,C0087,P003,East,5,5,6,5
O01267,24-05-2024,C0309,P008,North,10,15,3,5
O01268,15-01-2024,C0419,P008,West,5,5,1,3
O01269,04-09-2024,C0063,P002,East,10,5,3,3
O01270,01-06-2025,C0167,P001,East,5,20,1,5
O01271,09-07-2024,C0465,P003,North,3,0,3,5
O01272,22-08-2024,C0378,P008,North,9,5,7,5
O01273,30-04-2024,C0466,P006,East,3,0,6,2
O01274,27-08-2025,C0292,P005,South,5,15,5,2
O01275,06-11-2025,C0096,P004,East,5,5,3,3
O01276,16-08-2025,C0242,P004,East,8,20,6,2
O01277,27-09-2025,C0428,P007,South,4,0,6,1
O01278,13-02-2024,C0466,P001,South,4,10,3,1
O01279,28-01-2025,C0405,P007,North,6,20,7,1
O01280,20-04-2024,C0443,P005,West,7,15,5,5
O01281,22-02-2024,C0370,P009,North,1,0,3,2
O01282,26-07-2024,C0364,P007,West,6,10,7,2
O01283,14-11-2025,C0204,P010,South,5,10,6,5
O01284,11-06-2025,C0115,P008,West,10,0,7,1
O01285,14-10-2024,C0468,P009,South,1,10,1,3
O01286,10-05-2024,C0398,P001,South,7,15,1,1
O01287,09-05-2025,C0114,P005,West,9,10,3,3
O01288,15-12-2025,C0078,P008,South,9,0,1,2
O01289,29-08-2025,C0145,P004,South,7,10,2,5
O01290,17-02-2025,C0158,P002,North,5,20,3,1
O01291,18-05-2025,C0458,P003,South,1,5,7,1
O01292,18-10-2025,C0211,P007,South,6,5,7,4
O01293,05-04-2025,C0012,P002,South,7,10,4,1
O01294,07-01-2025,C0405,P007,South,8,10,2,1
O01295,09-06-2025,C0380,P005,West,3,10,1,5
O01296,28-07-2024,C0158,P008,South,5,15,5,1
O01297,21-06-2024,C0236,P010,West,4,5,7,4
O01298,03-10-2024,C0209,P004,South,10,15,1,1
O01299,25-05-2024,C0328,P010,West,6,15,2,3
O01300,21-12-2024,C0207,P004,South,5,5,7,2
O01301,02-09-2025,C0104,P001,East,1,15,6,4
O01302,17-06-2024,C0066,P003,West,10,0,1,1
O01303,02-07-2024,C0274,P004,East,8,5,1,5
O01304,18-12-2025,C0347,P004,West,3,5,2,1
O01305,30-09-2025,C0184,P002,East,4,20,1,4
O01306,05-03-2024,C0100,P006,North,2,20,1,4
O01307,29-04-2024,C0134,P005,North,7,20,6,2
O01308,10-11-2025,C0420,P010,South,10,20,5,2
O01309,04-03-2024,C0075,P004,South,3,15,6,1
O01310,14-05-2025,C0286,P007,North,9,15,3,3
O01311,17-02-2024,C0217,P007,West,9,0,3,4
O01312,22-04-2024,C0048,P008,West,5,15,6,3
O01313,24-09-2024,C0212,P001,South,9,20,4,2
O01314,13-07-2024,C0149,P003,West,1,20,7,1
O01315,26-08-2025,C0228,P008,North,8,10,5,4
O01316,24-07-2025,C0397,P005,South,1,10,3,3
O01317,16-11-2024,C0386,P004,North,3,10,3,5
O01318,29-11-2024,C0179,P009,West,4,20,3,4
O01319,03-07-2025,C0134,P008,East,9,5,2,3
O01320,11-01-2024,C0253,P003,West,4,15,5,5
O01321,16-10-2025,C0293,P006,North,3,15,5,2
O01322,12-02-2024,C0053,P001,South,3,10,3,4
O01323,27-10-2025,C0211,P002,West,8,0,4,2
O01324,08-04-2025,C0286,P007,North,5,0,7,3
O01325,04-01-2024,C0326,P007,East,3,5,7,1
O01326,13-08-2024,C0065,P010,East,10,0,4,1
O01327,22-09-2024,C0302,P008,South,3,5,1,1
O01328,06-11-2025,C0002,P010,East,8,10,5,4
O01329,17-07-2025,C0464,P002,East,6,10,1,5
O01330,29-04-2024,C0110,P008,North,3,20,6,3
O01331,31-07-2024,C0046,P010,West,9,10,6,2
O01332,26-08-2025,C0157,P008,West,5,15,1,2
O01333,23-04-2025,C0296,P003,North,5,5,3,4
O01334,07-06-2024,C0320,P009,West,6,0,3,4
O01335,28-05-2025,C0110,P005,West,7,5,2,1
O01336,19-11-2024,C0357,P007,North,2,10,1,5
O01337,16-05-2024,C0288,P010,East,4,5,4,4
O01338,10-10-2025,C0464,P005,East,7,15,7,5
O01339,18-12-2025,C0103,P002,North,2,15,6,2
O01340,09-09-2025,C0297,P006,East,7,20,2,1
O01341,22-08-2024,C0335,P001,East,7,10,2,2
O01342,11-11-2025,C0114,P010,South,8,10,1,3
O01343,24-01-2024,C0184,P003,North,7,15,5,5
O01344,15-08-2024,C0155,P008,East,3,20,6,2
O01345,20-02-2024,C0095,P004,North,8,5,2,2
O01346,19-12-2025,C0466,P003,West,8,15,4,4
O01347,09-06-2024,C0161,P006,West,6,15,2,3
O01348,13-11-2025,C0108,P003,East,1,20,2,2
O01349,24-10-2024,C0186,P002,East,1,0,2,4
O01350,10-08-2025,C0495,P003,South,9,20,6,4
O01351,20-07-2025,C0373,P010,West,10,15,7,1
O01352,16-01-2024,C0362,P008,East,7,5,5,4
O01353,01-06-2025,C0052,P007,West,6,15,1,4
O01354,26-11-2024,C0325,P007,South,8,10,4,5
O01355,26-08-2024,C0162,P006,North,9,5,7,3
O01356,14-02-2025,C0491,P008,West,3,10,7,5
O01357,21-11-2025,C0142,P006,South,10,15,6,3
O01358,10-09-2024,C0358,P006,South,9,20,4,3
O01359,21-07-2025,C0212,P009,East,3,5,5,3
O01360,01-05-2025,C0234,P007,West,3,15,2,4
O01361,08-08-2024,C0250,P009,West,9,10,6,2
O01362,27-07-2024,C0333,P003,East,1,15,5,3
O01363,28-05-2025,C0106,P007,West,6,0,4,5
O01364,17-05-2025,C0204,P004,South,9,20,5,5
O01365,13-09-2025,C0105,P004,East,3,5,1,2
O01366,12-11-2025,C0089,P001,South,5,20,1,4
O01367,25-12-2025,C0161,P004,North,6,5,7,5
O01368,03-12-2024,C0207,P004,South,3,0,5,4
O01369,02-12-2024,C0158,P003,West,5,5,2,1
O01370,29-02-2024,C0086,P005,North,8,5,5,4
O01371,17-02-2025,C0123,P003,West,7,15,1,2
O01372,29-01-2025,C0103,P005,West,9,20,7,2
O01373,29-06-2025,C0228,P003,East,4,10,1,2
O01374,27-02-2025,C0049,P007,East,4,15,7,4
O01375,10-07-2024,C0455,P008,West,3,15,6,2
O01376,27-11-2024,C0036,P010,East,2,10,5,5
O01377,04-11-2025,C0164,P003,North,4,20,1,5
O01378,29-08-2025,C0363,P006,West,1,20,3,5
O01379,20-01-2025,C0365,P003,West,8,10,3,1
O01380,17-10-2024,C0118,P009,South,3,20,5,2
O01381,04-08-2025,C0449,P005,West,6,5,6,2
O01382,20-12-2024,C0445,P004,South,1,0,4,1
O01383,02-12-2025,C0188,P002,North,7,20,3,5
O01384,12-12-2024,C0166,P005,North,8,5,1,3
O01385,06-04-2024,C0390,P003,South,2,10,3,3
O01386,12-04-2024,C0017,P009,West,6,20,7,3
O01387,19-01-2024,C0257,P001,South,8,20,6,2
O01388,01-10-2024,C0070,P004,North,2,15,6,2
O01389,05-12-2024,C0066,P005,North,7,10,3,4
O01390,09-08-2025,C0206,P006,South,6,0,7,4
O01391,24-01-2024,C0188,P009,East,5,20,3,2
O01392,07-10-2025,C0481,P001,North,1,0,4,3
O01393,01-09-2025,C0031,P005,North,10,10,6,5
O01394,28-12-2024,C0143,P006,East,9,5,7,3
O01395,24-12-2025,C0256,P006,South,8,15,6,4
O01396,26-06-2024,C0161,P008,North,7,0,1,3
O01397,26-09-2025,C0107,P007,East,9,10,7,5
O01398,30-11-2025,C0142,P001,West,2,10,7,5
O01399,30-11-2025,C0323,P005,East,2,5,2,2
O01400,03-01-2024,C0331,P001,West,8,5,2,5
O01401,27-10-2024,C0052,P009,East,1,10,3,2
O01402,09-03-2025,C0304,P002,South,8,15,3,3
O01403,11-09-2024,C0190,P004,East,3,0,2,2
O01404,15-09-2025,C0480,P001,West,6,20,4,4
O01405,25-07-2025,C0436,P007,East,3,5,1,4
O01406,19-04-2025,C0281,P001,South,3,15,5,5
O01407,21-03-2024,C0039,P005,North,3,0,5,2
O01408,01-09-2024,C0082,P002,South,7,5,6,4
O01409,20-12-2025,C0021,P003,West,3,10,6,2
O01410,11-10-2025,C0025,P006,North,2,15,3,5
O01411,30-10-2025,C0304,P010,East,10,20,3,2
O01412,11-09-2024,C0442,P006,East,9,15,4,4
O01413,16-05-2025,C0258,P001,South,10,5,2,3
O01414,14-12-2024,C0061,P002,North,3,20,3,4
O01415,03-12-2024,C0495,P004,West,1,15,6,4
O01416,25-01-2025,C0165,P010,East,10,10,3,5
O01417,08-10-2024,C0143,P005,North,3,10,6,5
O01418,06-12-2024,C0202,P008,West,1,5,1,5
O01419,16-07-2025,C0209,P002,East,2,0,4,3
O01420,03-05-2025,C0117,P004,North,10,10,5,3
O01421,10-03-2025,C0456,P010,South,1,5,2,3
O01422,21-08-2024,C0096,P002,South,7,10,4,2
O01423,02-01-2025,C0281,P009,North,1,10,2,5
O01424,04-09-2024,C0109,P009,North,4,20,7,4
O01425,25-01-2024,C0210,P001,North,6,15,1,3
O01426,08-01-2024,C0117,P009,South,1,5,6,2
O01427,22-02-2025,C0475,P002,South,4,15,5,5
O01428,12-01-2024,C0032,P001,South,4,10,3,4
O01429,18-12-2025,C0105,P004,East,10,5,6,1
O01430,04-11-2024,C0382,P010,East,6,0,1,3
O01431,08-05-2025,C0058,P010,East,1,15,5,5
O01432,06-03-2024,C0259,P008,East,7,5,4,2
O01433,27-09-2024,C0233,P006,North,7,10,1,2
O01434,17-02-2025,C0264,P002,South,6,5,6,1
O01435,18-02-2024,C0181,P005,East,9,15,7,1
O01436,04-08-2025,C0279,P008,South,7,15,5,3
O01437,28-03-2025,C0030,P010,North,1,15,1,2
O01438,31-01-2024,C0111,P004,South,4,0,2,1
O01439,05-09-2025,C0253,P005,North,9,5,2,4
O01440,17-09-2025,C0021,P003,East,3,0,3,2
O01441,09-08-2025,C0345,P002,North,2,0,7,1
O01442,21-06-2025,C0490,P010,East,5,10,5,5
O01443,29-01-2025,C0091,P004,West,2,0,3,4
O01444,11-01-2024,C0174,P006,West,10,0,5,5
O01445,31-07-2025,C0098,P003,South,10,5,5,1
O01446,28-04-2025,C0425,P008,West,4,10,7,2
O01447,25-11-2025,C0224,P002,North,5,0,5,2
O01448,12-04-2025,C0018,P002,North,9,5,4,1
O01449,04-02-2025,C0398,P006,North,2,5,7,1
O01450,30-07-2025,C0030,P010,North,6,10,3,4
O01451,12-07-2024,C0332,P005,West,8,10,1,5
O01452,15-08-2025,C0269,P006,West,2,15,6,1
O01453,29-03-2024,C0297,P004,North,9,20,6,5
O01454,26-05-2025,C0357,P007,South,4,15,4,3
O01455,09-10-2025,C0095,P006,South,2,20,3,5
O01456,04-05-2025,C0370,P005,North,9,20,2,1
O01457,13-10-2025,C0234,P002,North,2,5,7,1
O01458,21-09-2024,C0135,P005,North,1,10,3,3
O01459,13-09-2025,C0445,P005,South,4,0,5,4
O01460,07-02-2024,C0479,P009,South,1,15,1,3
O01461,02-10-2025,C0462,P008,North,8,20,5,2
O01462,13-08-2025,C0012,P005,South,6,10,4,5
O01463,28-07-2024,C0112,P001,East,10,10,3,4
O01464,20-10-2025,C0331,P005,West,2,5,3,2
O01465,31-08-2024,C0033,P007,West,6,10,3,1
O01466,27-07-2025,C0154,P007,South,4,10,1,1
O01467,17-02-2025,C0076,P007,North,10,20,6,4
O01468,29-08-2024,C0377,P004,West,2,10,4,1
O01469,25-12-2025,C0169,P009,East,2,15,2,4
O01470,01-05-2024,C0057,P009,East,5,15,4,1
O01471,09-12-2025,C0485,P005,North,9,0,4,2
O01472,30-05-2024,C0271,P007,North,7,15,1,3
O01473,31-10-2024,C0004,P009,South,5,10,3,1
O01474,30-10-2024,C0275,P007,North,9,0,6,3
O01475,27-07-2024,C0097,P008,East,10,0,4,5
O01476,01-09-2024,C0132,P006,North,8,5,2,2
O01477,14-01-2024,C0081,P002,East,6,20,6,3
O01478,17-03-2024,C0221,P008,South,2,15,4,5
O01479,12-11-2024,C0006,P006,East,6,20,4,3
O01480,10-01-2025,C0252,P004,East,7,15,6,2
O01481,12-08-2024,C0105,P003,East,1,0,3,3
O01482,09-03-2024,C0308,P010,West,3,10,3,3
O01483,25-03-2024,C0258,P001,East,6,20,4,1
O01484,15-01-2024,C0377,P001,South,5,0,7,1
O01485,18-11-2024,C0274,P004,North,7,5,4,3
O01486,14-10-2025,C0256,P006,West,1,15,4,2
O01487,01-05-2024,C0289,P001,North,6,5,6,2
O01488,09-09-2025,C0059,P008,North,10,10,6,5
O01489,06-11-2025,C0092,P006,West,10,20,5,1
O01490,08-11-2025,C0361,P003,East,9,15,4,2
O01491,09-07-2025,C0032,P006,North,7,20,2,2
O01492,03-12-2025,C0060,P008,East,6,15,1,1
O01493,17-04-2025,C0171,P007,West,10,0,6,1
O01494,19-11-2025,C0093,P006,East,9,10,2,4
O01495,25-11-2024,C0112,P006,North,7,5,6,1
O01496,04-01-2024,C0048,P003,East,1,5,5,1
O01497,15-05-2024,C0141,P010,East,10,10,5,3
O01498,27-08-2024,C0023,P006,West,5,15,6,4
O01499,05-12-2024,C0385,P001,South,3,0,2,4
O01500,10-03-2025,C0118,P007,West,7,10,2,4
O01501,13-06-2025,C0127,P001,South,5,5,5,1
O01502,11-01-2025,C0497,P005,West,4,20,7,3
O01503,27-04-2025,C0098,P007,West,10,15,2,4
O01504,26-02-2025,C0067,P005,West,7,20,1,3
O01505,26-02-2024,C0119,P001,North,6,0,5,2
O01506,19-05-2024,C0028,P008,East,4,15,7,5
O01507,13-09-2024,C0244,P003,West,10,0,7,3
O01508,08-06-2025,C0329,P007,West,2,5,6,4
O01509,15-11-2025,C0155,P007,North,9,15,5,4
O01510,14-10-2025,C0328,P002,North,1,0,3,4
O01511,23-01-2025,C0319,P006,East,9,5,7,3
O01512,30-01-2024,C0269,P010,West,3,10,3,3
O01513,06-09-2025,C0073,P007,North,8,10,5,1
O01514,04-03-2024,C0211,P005,North,6,0,2,2
O01515,02-05-2024,C0335,P008,West,3,20,1,2
O01516,19-03-2025,C0478,P002,East,8,20,5,1
O01517,31-05-2024,C0320,P007,West,8,10,2,1
O01518,10-11-2024,C0278,P004,West,8,0,1,5
O01519,05-08-2025,C0226,P001,East,6,0,4,5
O01520,15-05-2024,C0021,P005,East,7,20,7,4
O01521,26-11-2025,C0318,P010,East,1,0,5,2
O01522,22-01-2025,C0185,P010,West,2,0,1,3
O01523,01-03-2024,C0184,P009,North,1,15,6,5
O01524,01-07-2025,C0166,P004,West,3,10,4,5
O01525,25-05-2025,C0278,P006,South,7,10,1,5
O01526,12-06-2025,C0256,P005,North,8,15,2,2
O01527,28-11-2025,C0081,P006,South,8,0,7,5
O01528,30-07-2024,C0384,P010,North,4,20,3,1
O01529,21-07-2025,C0066,P002,East,8,15,1,1
O01530,25-04-2025,C0266,P001,West,3,20,2,2
O01531,25-10-2024,C0054,P004,North,5,0,2,5
O01532,08-06-2025,C0301,P003,South,8,20,6,1
O01533,13-08-2025,C0085,P004,East,3,20,2,4
O01534,15-09-2025,C0301,P009,West,6,15,5,1
O01535,29-02-2024,C0029,P003,East,7,15,6,3
O01536,14-03-2025,C0468,P010,South,9,15,1,2
O01537,08-07-2025,C0380,P004,West,7,15,4,1
O01538,21-07-2025,C0003,P003,North,10,20,6,3
O01539,29-03-2024,C0499,P002,South,4,0,6,1
O01540,20-02-2024,C0198,P001,South,9,20,4,1
O01541,12-03-2024,C0062,P010,East,10,20,5,2
O01542,06-06-2025,C0446,P003,West,10,0,5,5
O01543,12-08-2025,C0100,P008,North,2,10,6,2
O01544,09-09-2025,C0197,P003,South,2,5,3,3
O01545,28-05-2024,C0390,P003,South,9,15,6,1
O01546,03-06-2025,C0438,P008,North,9,15,1,3
O01547,25-01-2024,C0025,P007,North,1,10,3,5
O01548,05-08-2024,C0473,P007,North,10,20,4,2
O01549,29-05-2024,C0451,P006,West,1,20,4,5
O01550,13-08-2025,C0211,P004,East,2,20,7,1
O01551,07-06-2024,C0312,P009,South,2,5,7,5
O01552,27-08-2024,C0420,P008,South,9,0,6,3
O01553,06-09-2024,C0024,P002,West,6,5,3,3
O01554,07-06-2025,C0400,P008,South,5,15,2,3
O01555,27-03-2024,C0194,P007,South,10,10,4,4
O01556,16-04-2024,C0259,P001,East,8,20,1,2
O01557,31-10-2024,C0167,P002,East,2,0,6,4
O01558,26-12-2024,C0343,P004,West,10,15,4,1
O01559,15-06-2025,C0024,P004,East,3,5,3,5
O01560,17-10-2024,C0374,P002,East,7,20,2,5
O01561,24-04-2025,C0016,P008,South,3,20,3,4
O01562,04-03-2024,C0380,P007,West,5,0,5,1
O01563,06-07-2024,C0032,P005,South,9,10,1,4
O01564,14-02-2024,C0261,P004,West,7,20,5,4
O01565,22-07-2024,C0172,P002,South,4,10,4,2
O01566,23-03-2025,C0468,P010,North,7,20,2,2
O01567,10-10-2024,C0313,P006,North,7,0,6,1
O01568,15-04-2025,C0040,P004,West,1,20,1,4
O01569,22-09-2024,C0271,P008,West,2,10,4,5
O01570,09-03-2024,C0426,P004,East,10,5,7,4
O01571,11-05-2024,C0306,P001,West,5,15,5,5
O01572,22-07-2025,C0106,P007,North,7,10,2,5
O01573,06-04-2025,C0416,P005,West,10,10,6,4
O01574,19-02-2025,C0300,P005,East,8,5,3,5
O01575,07-03-2025,C0287,P008,East,7,0,6,5
O01576,11-05-2025,C0120,P003,North,3,10,4,3
O01577,10-02-2025,C0224,P008,North,8,15,5,1
O01578,10-10-2025,C0300,P002,East,10,0,7,2
O01579,07-02-2024,C0303,P006,West,1,0,6,5
O01580,05-02-2025,C0212,P004,East,9,5,1,2
O01581,12-09-2024,C0054,P005,East,9,0,2,4
O01582,09-11-2024,C0483,P009,North,4,20,1,2
O01583,15-09-2025,C0277,P004,South,5,5,6,4
O01584,08-11-2024,C0425,P005,East,2,0,1,4
O01585,15-07-2024,C0219,P010,West,5,15,7,4
O01586,29-03-2024,C0479,P009,South,7,10,3,1
O01587,09-01-2024,C0079,P003,South,7,20,1,4
O01588,27-05-2024,C0180,P001,East,8,0,2,2
O01589,16-01-2025,C0307,P007,South,3,5,6,2
O01590,05-06-2025,C0018,P006,North,4,20,4,1
O01591,31-01-2025,C0382,P007,South,4,15,7,1
O01592,24-08-2025,C0415,P006,South,4,15,7,1
O01593,04-04-2025,C0097,P008,North,2,10,6,1
O01594,05-05-2024,C0217,P003,South,4,15,5,5
O01595,04-04-2025,C0399,P009,East,8,5,4,2
O01596,17-09-2024,C0142,P004,West,3,15,3,2
O01597,26-05-2024,C0241,P008,North,4,10,5,1
O01598,11-07-2024,C0409,P010,East,8,20,1,2
O01599,01-04-2025,C0302,P005,North,8,0,5,5
O01600,11-02-2025,C0379,P001,East,8,15,3,5
O01601,30-09-2025,C0338,P004,East,5,20,6,1
O01602,13-12-2025,C0459,P007,South,8,15,3,4
O01603,24-11-2025,C0285,P010,South,7,5,1,3
O01604,10-02-2025,C0391,P003,South,6,10,6,5
O01605,29-04-2025,C0471,P009,South,9,0,3,5
O01606,12-03-2024,C0452,P009,West,2,0,2,1
O01607,30-10-2025,C0299,P004,West,8,0,6,2
O01608,06-09-2024,C0096,P004,East,2,10,6,3
O01609,13-11-2025,C0416,P007,South,7,20,1,2
O01610,29-03-2024,C0369,P002,West,7,0,6,1
O01611,06-10-2024,C0002,P003,North,5,10,7,2
O01612,29-01-2024,C0205,P004,North,2,20,5,5
O01613,09-01-2025,C0393,P004,West,5,0,1,1
O01614,04-05-2025,C0346,P005,West,8,10,1,1
O01615,22-07-2024,C0396,P007,West,3,5,4,1
O01616,12-03-2024,C0045,P001,North,6,15,7,3
O01617,08-02-2024,C0135,P005,North,10,15,3,2
O01618,23-03-2024,C0030,P008,South,1,20,7,5
O01619,09-04-2024,C0037,P008,South,3,20,6,2
O01620,27-06-2025,C0008,P010,West,2,20,3,4
O01621,17-08-2024,C0474,P003,West,1,10,7,3
O01622,21-09-2024,C0467,P005,East,4,15,1,5
O01623,05-05-2025,C0287,P007,East,6,0,1,3
O01624,13-06-2025,C0071,P001,North,9,10,3,5
O01625,28-11-2024,C0037,P008,South,7,15,2,5
O01626,27-04-2024,C0362,P004,West,7,20,5,3
O01627,19-02-2025,C0140,P005,South,3,15,7,4
O01628,09-02-2024,C0362,P001,East,5,0,7,1
O01629,23-11-2025,C0104,P008,East,6,5,3,4
O01630,17-10-2024,C0284,P001,North,9,15,7,4
O01631,16-05-2024,C0138,P010,South,3,5,4,2
O01632,03-11-2024,C0077,P006,West,5,15,4,2
O01633,30-10-2025,C0041,P009,North,3,0,7,2
O01634,02-06-2025,C0297,P010,West,1,10,6,2
O01635,21-02-2025,C0352,P001,West,2,10,1,3
O01636,16-09-2024,C0461,P008,North,3,20,3,5
O01637,17-06-2024,C0265,P001,East,1,10,4,2
O01638,06-01-2024,C0121,P007,North,1,0,6,3
O01639,19-07-2025,C0470,P007,West,1,20,7,4
O01640,14-10-2025,C0179,P008,West,3,15,3,4
O01641,17-09-2025,C0035,P006,South,1,15,4,3
O01642,26-03-2024,C0037,P010,North,1,5,3,5
O01643,20-06-2024,C0292,P008,North,6,0,4,2
O01644,03-10-2025,C0452,P003,South,3,15,7,4
O01645,26-05-2024,C0044,P005,South,5,20,4,2
O01646,02-03-2024,C0408,P002,West,5,10,3,5
O01647,11-06-2024,C0001,P001,North,10,15,6,2
O01648,12-08-2024,C0031,P006,East,9,15,6,5
O01649,06-01-2024,C0021,P002,East,1,20,3,2
O01650,21-06-2024,C0312,P003,West,1,5,4,2
O01651,23-04-2025,C0290,P009,South,10,20,5,5
O01652,18-11-2024,C0266,P002,North,1,5,3,3
O01653,06-02-2025,C0008,P004,West,8,20,7,5
O01654,09-07-2025,C0351,P010,West,7,10,5,3
O01655,23-09-2024,C0063,P007,North,2,10,4,4
O01656,17-02-2024,C0095,P005,South,10,5,4,2
O01657,15-07-2025,C0223,P001,North,7,15,4,3
O01658,07-12-2025,C0067,P008,East,4,20,2,3
O01659,27-03-2024,C0344,P002,South,6,10,6,1
O01660,15-09-2025,C0053,P009,East,6,10,2,4
O01661,03-05-2025,C0493,P004,North,8,20,3,5
O01662,19-05-2024,C0257,P010,East,4,0,7,3
O01663,11-06-2025,C0186,P007,South,7,20,1,4
O01664,08-04-2025,C0153,P008,East,3,20,7,2
O01665,22-02-2025,C0335,P005,South,2,0,4,4
O01666,07-01-2025,C0252,P007,West,1,0,1,5
O01667,26-07-2024,C0043,P009,West,5,5,4,3
O01668,25-01-2024,C0386,P001,West,8,20,1,4
O01669,14-10-2025,C0461,P003,North,10,5,1,4
O01670,11-05-2024,C0289,P003,East,5,5,3,1
O01671,19-01-2025,C0075,P009,North,8,5,3,4
O01672,03-01-2024,C0187,P005,South,5,15,1,3
O01673,19-01-2025,C0037,P003,South,9,10,7,4
O01674,10-03-2025,C0309,P007,West,8,0,4,1
O01675,11-08-2024,C0387,P005,East,8,10,7,4
O01676,01-08-2025,C0043,P009,South,3,20,1,1
O01677,10-08-2024,C0274,P003,West,2,20,1,4
O01678,05-03-2025,C0085,P007,West,4,5,6,4
O01679,29-11-2024,C0197,P008,East,1,15,2,5
O01680,29-11-2025,C0194,P009,East,9,0,7,3
O01681,12-08-2025,C0190,P001,North,10,0,4,3
O01682,06-10-2024,C0053,P005,North,8,20,3,3
O01683,31-08-2025,C0214,P008,South,8,20,1,1
O01684,25-10-2025,C0038,P001,East,7,10,4,5
O01685,09-04-2024,C0259,P002,South,7,20,5,4
O01686,18-10-2024,C0247,P005,West,9,5,6,4
O01687,07-03-2024,C0449,P005,North,1,0,3,5
O01688,13-06-2024,C0058,P007,North,6,10,5,5
O01689,28-05-2024,C0087,P005,West,3,10,1,2
O01690,16-10-2025,C0342,P009,South,6,0,7,5
O01691,25-02-2025,C0092,P002,North,6,20,2,5
O01692,27-09-2025,C0141,P007,South,3,10,4,3
O01693,23-06-2024,C0013,P003,West,10,10,4,1
O01694,12-08-2025,C0417,P002,South,1,10,7,4
O01695,19-03-2024,C0016,P010,South,10,10,4,1
O01696,03-09-2024,C0328,P003,East,1,20,6,1
O01697,16-05-2024,C0177,P006,East,1,10,4,2
O01698,18-09-2025,C0033,P003,North,7,15,5,2
O01699,30-11-2024,C0061,P006,West,5,10,2,1
O01700,22-07-2024,C0329,P001,North,8,20,5,1
O01701,23-05-2024,C0286,P006,South,5,0,5,2
O01702,06-11-2025,C0172,P009,North,6,15,3,5
O01703,11-02-2024,C0407,P005,South,6,0,6,4
O01704,17-05-2025,C0493,P004,North,1,20,6,5
O01705,05-11-2024,C0348,P002,West,1,10,5,4
O01706,06-12-2024,C0271,P007,West,6,15,7,2
O01707,05-10-2024,C0276,P007,East,6,5,4,4
O01708,15-03-2024,C0133,P004,South,8,10,5,1
O01709,28-09-2024,C0100,P010,East,5,5,3,2
O01710,29-01-2025,C0188,P001,North,9,20,7,4
O01711,18-05-2025,C0131,P005,West,7,0,5,1
O01712,02-11-2025,C0383,P001,East,1,15,3,3
O01713,02-06-2024,C0309,P009,East,8,10,6,4
O01714,05-12-2024,C0198,P008,West,3,20,5,1
O01715,24-07-2025,C0368,P008,North,8,20,1,2
O01716,07-04-2025,C0461,P005,East,1,15,3,2
O01717,14-08-2024,C0119,P003,West,9,0,4,4
O01718,24-04-2024,C0450,P004,South,10,10,5,4
O01719,21-07-2025,C0120,P002,South,9,15,3,4
O01720,25-11-2025,C0321,P003,West,7,0,2,4
O01721,02-08-2024,C0311,P005,North,10,20,1,4
O01722,08-08-2025,C0260,P003,East,2,15,5,5
O01723,30-04-2025,C0217,P004,West,1,0,3,1
O01724,04-03-2025,C0098,P009,South,7,0,2,2
O01725,26-04-2025,C0073,P002,East,3,5,7,1
O01726,11-03-2024,C0440,P001,North,2,20,4,2
O01727,08-11-2024,C0347,P005,East,8,0,2,2
O01728,16-03-2025,C0411,P004,West,9,0,4,3
O01729,28-08-2024,C0245,P004,South,7,20,5,4
O01730,17-03-2024,C0130,P002,East,10,10,3,2
O01731,20-03-2024,C0375,P004,North,8,0,5,3
O01732,04-06-2025,C0150,P002,East,1,5,1,3
O01733,06-08-2025,C0497,P009,West,7,0,5,4
O01734,22-02-2025,C0324,P002,South,6,0,3,2
O01735,20-11-2024,C0383,P009,East,5,20,4,1
O01736,09-02-2024,C0067,P005,East,6,10,2,4
O01737,25-08-2024,C0154,P008,North,6,10,5,5
O01738,16-06-2024,C0106,P003,West,9,5,4,3
O01739,20-08-2025,C0216,P009,North,8,0,1,3
O01740,04-09-2025,C0387,P006,West,7,15,3,1
O01741,25-06-2024,C0078,P007,West,6,10,4,1
O01742,14-06-2025,C0049,P003,South,9,0,5,2
O01743,15-05-2024,C0216,P008,East,1,15,6,2
O01744,01-03-2024,C0084,P003,North,8,15,4,1
O01745,19-01-2024,C0175,P002,South,7,5,3,4
O01746,07-05-2025,C0402,P009,South,5,0,6,3
O01747,25-09-2025,C0192,P003,North,5,20,7,3
O01748,08-11-2024,C0286,P001,North,5,10,4,1
O01749,12-04-2024,C0212,P010,South,10,15,2,2
O01750,28-08-2025,C0047,P009,South,6,10,4,4
O01751,04-03-2025,C0210,P007,North,4,0,2,4
O01752,06-07-2025,C0276,P004,North,3,10,7,2
O01753,23-06-2024,C0282,P003,North,4,20,6,2
O01754,03-03-2025,C0450,P001,North,1,5,3,4
O01755,20-06-2025,C0078,P009,North,4,10,1,3
O01756,15-05-2024,C0453,P008,East,10,0,6,4
O01757,15-11-2024,C0056,P008,South,1,20,2,2
O01758,20-02-2024,C0473,P010,West,8,0,6,4
O01759,18-01-2025,C0002,P010,North,8,0,6,4
O01760,11-10-2025,C0364,P008,South,5,0,5,3
O01761,18-01-2025,C0081,P006,North,5,5,2,4
O01762,15-10-2024,C0391,P007,South,5,20,1,2
O01763,25-04-2025,C0157,P010,South,2,0,6,2
O01764,23-04-2024,C0405,P004,South,5,10,3,1
O01765,07-05-2024,C0150,P006,West,1,20,7,2
O01766,31-07-2025,C0140,P001,North,4,15,7,1
O01767,29-01-2024,C0031,P004,East,5,20,1,1
O01768,21-11-2025,C0167,P003,West,10,0,3,4
O01769,06-04-2025,C0093,P004,East,2,5,2,3
O01770,20-02-2024,C0229,P007,South,5,20,4,3
O01771,12-04-2024,C0301,P007,South,6,5,5,3
O01772,27-06-2025,C0383,P007,East,7,20,1,5
O01773,25-11-2024,C0124,P009,West,6,15,5,2
O01774,10-04-2024,C0170,P005,East,5,10,3,5
O01775,27-10-2024,C0253,P005,North,5,0,2,4
O01776,10-06-2024,C0153,P005,East,5,5,7,3
O01777,17-07-2025,C0066,P007,East,1,0,2,1
O01778,24-11-2024,C0091,P002,East,3,10,3,3
O01779,01-11-2024,C0237,P005,South,4,5,6,1
O01780,16-02-2024,C0072,P005,North,1,10,7,5
O01781,06-11-2025,C0469,P003,West,9,10,3,3
O01782,12-06-2025,C0087,P005,North,4,0,7,4
O01783,13-11-2025,C0224,P003,East,3,10,2,4
O01784,15-11-2024,C0474,P009,West,10,15,6,5
O01785,23-12-2025,C0026,P003,East,5,20,1,3
O01786,12-09-2024,C0139,P002,North,5,20,3,2
O01787,03-06-2025,C0351,P008,West,9,20,1,1
O01788,19-03-2025,C0353,P005,South,4,15,4,2
O01789,12-01-2025,C0456,P009,East,5,10,4,4
O01790,15-02-2024,C0495,P005,North,2,20,4,1
O01791,18-09-2024,C0341,P001,East,5,15,3,3
O01792,23-08-2025,C0313,P008,South,4,15,7,1
O01793,25-12-2025,C0328,P001,North,8,0,7,3
O01794,21-03-2025,C0108,P003,West,1,10,3,1
O01795,24-10-2025,C0374,P002,South,3,0,6,3
O01796,20-04-2025,C0359,P005,West,9,5,5,5
O01797,19-06-2024,C0371,P001,South,2,15,7,3
O01798,13-10-2025,C0050,P007,North,8,0,1,2
O01799,22-05-2024,C0249,P002,East,8,5,1,3
O01800,10-06-2025,C0142,P001,East,5,0,6,2
O01801,14-02-2025,C0127,P007,West,7,0,3,4
O01802,03-03-2025,C0141,P010,West,2,10,4,1
O01803,26-06-2025,C0064,P002,West,4,10,5,3
O01804,11-01-2025,C0142,P004,West,4,0,2,3
O01805,26-11-2025,C0057,P007,South,10,0,4,1
O01806,21-12-2025,C0151,P004,East,6,10,4,5
O01807,05-12-2024,C0122,P007,East,8,15,2,2
O01808,12-04-2025,C0453,P007,North,6,20,7,4
O01809,02-10-2025,C0478,P003,South,10,15,1,5
O01810,28-04-2025,C0198,P005,South,4,15,1,5
O01811,30-07-2025,C0205,P006,South,4,15,2,1
O01812,20-12-2024,C0392,P005,East,4,15,5,5
O01813,26-01-2025,C0217,P004,East,2,5,7,4
O01814,05-08-2024,C0155,P001,South,4,20,7,5
O01815,13-05-2024,C0071,P003,East,3,15,1,3
O01816,08-04-2025,C0472,P001,South,9,10,6,3
O01817,29-05-2025,C0012,P005,West,5,10,1,2
O01818,07-05-2025,C0002,P005,South,9,10,2,5
O01819,17-02-2025,C0041,P004,South,4,5,2,3
O01820,24-06-2025,C0156,P003,North,1,5,7,5
O01821,11-07-2024,C0399,P009,North,8,5,1,1
O01822,18-04-2024,C0146,P002,West,6,20,2,3
O01823,10-04-2024,C0308,P004,South,1,15,1,5
O01824,22-11-2024,C0181,P007,South,1,20,6,2
O01825,21-07-2024,C0009,P007,South,1,10,2,3
O01826,27-09-2024,C0366,P003,South,1,0,5,3
O01827,12-04-2025,C0323,P008,South,10,0,4,5
O01828,25-02-2025,C0354,P002,West,2,5,1,4
O01829,24-07-2025,C0053,P004,South,5,5,2,1
O01830,02-05-2024,C0255,P008,West,10,10,3,1
O01831,14-07-2024,C0374,P002,East,8,5,4,1
O01832,21-03-2025,C0244,P003,West,2,10,3,4
O01833,30-07-2024,C0006,P004,East,6,5,6,3
O01834,23-09-2024,C0058,P004,North,5,15,5,2
O01835,29-03-2024,C0136,P003,West,6,15,1,3
O01836,05-02-2025,C0332,P008,North,7,10,5,5
O01837,16-03-2025,C0399,P007,East,10,20,1,4
O01838,10-03-2024,C0037,P008,East,7,5,1,5
O01839,31-10-2025,C0190,P009,North,3,10,2,1
O01840,06-02-2024,C0364,P007,South,6,0,3,4
O01841,22-10-2025,C0196,P010,East,1,20,7,4
O01842,20-02-2025,C0384,P007,North,6,0,3,5
O01843,22-03-2024,C0151,P007,West,1,10,3,5
O01844,09-10-2025,C0047,P004,West,7,10,1,1
O01845,28-01-2024,C0024,P005,East,6,15,6,3
O01846,04-04-2024,C0403,P002,South,7,10,2,4
O01847,20-06-2025,C0194,P008,East,6,0,7,4
O01848,27-11-2024,C0041,P005,South,7,0,3,4
O01849,20-04-2025,C0030,P007,South,3,5,3,3
O01850,26-09-2025,C0322,P006,North,10,20,7,3
O01851,21-06-2025,C0075,P001,East,4,15,6,3
O01852,05-06-2024,C0336,P001,South,6,10,4,2
O01853,20-09-2024,C0168,P009,North,10,20,4,2
O01854,29-09-2024,C0176,P005,East,9,0,2,5
O01855,17-05-2024,C0417,P004,South,7,10,1,2
O01856,26-09-2024,C0260,P010,East,10,20,6,5
O01857,05-10-2024,C0115,P005,East,4,15,3,4
O01858,06-04-2025,C0233,P002,North,1,5,5,4
O01859,04-05-2025,C0229,P007,West,7,0,5,5
O01860,07-05-2024,C0274,P008,West,8,20,7,5
O01861,13-04-2025,C0141,P004,North,2,0,3,3
O01862,29-10-2025,C0234,P009,East,8,15,4,3
O01863,23-11-2024,C0393,P006,North,1,15,4,1
O01864,27-06-2025,C0385,P006,East,6,15,4,4
O01865,15-01-2025,C0217,P002,South,4,20,3,1
O01866,28-06-2024,C0182,P004,South,10,10,5,4
O01867,31-10-2025,C0213,P007,East,1,15,5,4
O01868,16-04-2025,C0254,P006,East,3,10,2,3
O01869,02-05-2024,C0352,P001,West,4,15,7,3
O01870,28-07-2024,C0109,P001,South,8,15,4,5
O01871,19-06-2024,C0073,P006,North,3,0,4,5
O01872,05-07-2024,C0088,P001,East,7,15,4,4
O01873,22-09-2024,C0076,P002,East,9,15,1,3
O01874,26-04-2024,C0158,P006,North,2,5,4,5
O01875,30-03-2025,C0281,P004,South,9,0,5,1
O01876,15-11-2025,C0185,P008,West,7,20,3,1
O01877,17-01-2024,C0333,P001,North,6,5,7,5
O01878,27-06-2025,C0468,P006,South,1,15,6,1
O01879,16-08-2025,C0408,P008,North,5,20,2,2
O01880,11-11-2024,C0058,P001,South,3,15,3,5
O01881,27-01-2025,C0182,P008,West,9,20,1,2
O01882,24-10-2025,C0460,P009,East,8,20,6,4
O01883,29-03-2024,C0099,P001,East,6,10,6,1
O01884,24-02-2024,C0307,P006,East,6,10,6,3
O01885,11-04-2024,C0144,P006,East,1,10,5,4
O01886,18-07-2024,C0056,P007,East,6,15,3,1
O01887,13-03-2024,C0333,P004,North,4,20,1,2
O01888,06-12-2025,C0006,P002,South,10,5,6,5
O01889,05-03-2024,C0073,P003,West,8,20,2,4
O01890,16-11-2025,C0161,P010,East,3,15,6,4
O01891,10-02-2025,C0389,P009,East,7,15,5,2
O01892,09-08-2025,C0354,P005,North,8,20,2,5
O01893,04-08-2025,C0284,P008,East,6,20,6,1
O01894,09-09-2024,C0345,P001,West,8,15,4,1
O01895,26-03-2024,C0152,P005,West,6,15,4,4
O01896,03-10-2024,C0425,P005,South,2,20,7,5
O01897,12-10-2025,C0375,P004,South,9,5,4,2
O01898,03-07-2024,C0500,P010,North,7,15,7,2
O01899,15-03-2025,C0146,P009,East,4,10,2,2
O01900,20-10-2024,C0285,P009,East,7,15,4,5
O01901,07-03-2025,C0299,P005,West,1,10,7,2
O01902,21-12-2024,C0178,P004,East,5,5,6,3
O01903,07-02-2024,C0284,P009,East,7,0,7,3
O01904,17-06-2024,C0439,P003,East,8,20,6,4
O01905,09-11-2025,C0490,P010,East,3,10,7,1
O01906,28-02-2024,C0130,P009,South,4,15,1,2
O01907,15-10-2025,C0161,P003,West,5,10,4,5
O01908,09-07-2024,C0160,P006,North,8,10,1,5
O01909,16-11-2024,C0486,P001,North,9,5,7,5
O01910,15-07-2025,C0430,P002,South,5,15,1,4
O01911,16-12-2025,C0201,P006,East,1,20,2,3
O01912,16-12-2025,C0207,P010,East,3,0,6,4
O01913,20-11-2024,C0200,P003,North,3,0,3,2
O01914,06-10-2024,C0226,P003,South,9,0,4,5
O01915,14-10-2025,C0296,P008,South,6,5,3,2
O01916,17-03-2024,C0431,P010,North,5,10,2,3
O01917,23-04-2024,C0174,P006,North,5,0,7,2
O01918,16-02-2025,C0137,P009,East,6,20,2,5
O01919,11-03-2025,C0296,P005,South,8,10,6,5
O01920,14-06-2024,C0390,P004,South,10,20,3,2
O01921,24-02-2025,C0047,P006,South,3,10,3,3
O01922,17-05-2025,C0075,P009,East,4,20,5,1
O01923,07-02-2024,C0486,P009,South,9,10,7,3
O01924,31-01-2025,C0160,P008,North,6,15,4,1
O01925,17-03-2025,C0291,P005,South,7,10,2,3
O01926,19-10-2025,C0274,P006,North,2,10,6,3
O01927,26-02-2024,C0243,P001,West,6,10,1,3
O01928,24-01-2024,C0198,P009,East,7,20,7,2
O01929,10-01-2024,C0383,P004,South,1,20,5,4
O01930,01-09-2024,C0127,P007,West,5,5,4,4
O01931,14-03-2025,C0215,P004,East,10,20,2,1
O01932,18-10-2024,C0414,P010,South,1,15,1,1
O01933,27-09-2024,C0173,P005,East,6,0,5,1
O01934,13-01-2025,C0379,P006,West,7,5,2,5
O01935,28-01-2024,C0286,P006,East,7,0,1,1
O01936,06-03-2025,C0293,P006,East,2,15,2,1
O01937,20-01-2024,C0017,P006,South,5,20,2,4
O01938,31-10-2025,C0431,P005,East,6,10,4,1
O01939,20-07-2025,C0433,P010,South,10,20,6,1
O01940,06-11-2025,C0435,P005,North,10,5,6,4
O01941,24-02-2024,C0248,P006,East,1,5,5,1
O01942,14-04-2025,C0057,P010,North,7,15,6,1
O01943,13-05-2024,C0280,P010,East,10,0,7,2
O01944,28-11-2025,C0395,P008,East,8,20,7,5
O01945,29-06-2024,C0240,P009,East,9,15,6,3
O01946,17-05-2025,C0210,P009,West,5,10,4,5
O01947,02-09-2025,C0288,P005,West,5,10,1,5
O01948,19-01-2025,C0226,P004,East,10,10,3,4
O01949,08-10-2025,C0175,P001,South,1,15,1,3
O01950,20-03-2024,C0071,P003,West,8,0,1,1
O01951,26-09-2024,C0105,P002,South,1,5,6,2
O01952,12-08-2024,C0270,P009,North,6,5,3,5
O01953,02-12-2024,C0114,P009,West,9,0,7,1
O01954,28-05-2024,C0140,P005,East,7,10,5,2
O01955,16-07-2024,C0091,P006,West,4,15,4,3
O01956,22-03-2025,C0057,P002,East,1,0,5,4
O01957,18-05-2025,C0388,P007,West,3,10,3,1
O01958,31-01-2024,C0470,P009,East,1,0,2,4
O01959,30-05-2024,C0151,P001,West,9,5,6,3
O01960,24-09-2025,C0234,P009,East,10,5,3,5
O01961,07-08-2024,C0415,P009,South,2,20,1,3
O01962,06-10-2024,C0111,P006,North,8,10,3,4
O01963,27-04-2024,C0462,P009,East,5,0,6,4
O01964,08-12-2024,C0381,P009,North,7,0,5,4
O01965,22-10-2024,C0142,P003,North,9,20,6,5
O01966,24-11-2024,C0062,P010,South,2,0,6,4
O01967,02-02-2024,C0279,P007,East,3,5,1,4
O01968,22-01-2024,C0219,P005,West,8,15,1,1
O01969,28-01-2025,C0455,P002,West,5,0,5,3
O01970,21-09-2025,C0473,P007,South,5,10,7,2
O01971,02-11-2024,C0010,P004,North,3,0,3,3
O01972,09-07-2025,C0309,P001,West,3,15,3,4
O01973,30-06-2024,C0245,P005,East,9,10,3,2
O01974,14-03-2024,C0276,P001,South,1,5,1,5
O01975,05-05-2025,C0492,P003,North,9,5,3,3
O01976,26-03-2024,C0042,P009,South,10,15,4,5
O01977,12-11-2025,C0404,P008,South,4,20,6,5
O01978,24-12-2024,C0363,P004,North,8,5,1,1
O01979,16-08-2024,C0060,P010,South,3,0,6,2
O01980,13-08-2025,C0008,P004,North,3,20,4,2
O01981,25-11-2025,C0490,P010,East,2,10,1,4
O01982,29-12-2025,C0420,P008,East,1,5,7,1
O01983,22-09-2024,C0352,P010,West,5,20,1,5
O01984,16-03-2024,C0460,P006,West,7,10,5,1
O01985,04-04-2024,C0436,P007,West,9,0,2,5
O01986,02-12-2024,C0008,P004,West,7,20,7,2
O01987,07-08-2025,C0447,P002,South,7,5,4,5
O01988,13-06-2025,C0373,P010,West,1,10,6,1
O01989,27-09-2025,C0113,P005,South,7,10,6,2
O01990,06-01-2024,C0334,P003,West,7,0,2,5
O01991,16-02-2024,C0126,P001,South,9,10,3,1
O01992,05-07-2025,C0046,P007,North,4,0,7,3
O01993,28-01-2025,C0489,P005,North,5,5,1,5
O01994,30-03-2025,C0339,P010,East,10,20,4,1
O01995,29-10-2024,C0408,P009,West,6,15,6,4
O01996,14-06-2024,C0240,P010,North,3,5,7,4
O01997,17-09-2025,C0359,P004,West,1,0,1,3
O01998,14-11-2025,C0317,P001,South,10,5,7,2
O01999,12-08-2024,C0149,P009,South,10,20,3,2
O02000,18-10-2024,C0197,P002,East,4,10,3,1
O02001,28-01-2025,C0112,P006,West,4,20,6,1
O02002,18-08-2025,C0498,P003,East,10,15,1,5
O02003,09-10-2024,C0380,P008,East,2,15,3,2
O02004,02-08-2024,C0063,P001,South,2,10,7,2
O02005,17-05-2025,C0356,P009,West,7,20,3,5
O02006,24-02-2024,C0399,P001,East,8,5,6,3
O02007,16-12-2025,C0197,P006,North,2,0,2,1
O02008,24-06-2024,C0382,P006,North,6,15,2,4
O02009,22-04-2025,C0023,P003,West,10,15,4,5
O02010,02-03-2024,C0331,P001,South,10,20,5,5
O02011,28-05-2024,C0362,P001,South,1,15,6,2
O02012,04-03-2025,C0225,P001,West,6,5,1,3
O02013,09-06-2025,C0006,P004,West,10,0,6,1
O02014,18-09-2024,C0427,P005,West,7,0,3,1
O02015,24-05-2025,C0132,P009,North,8,5,1,1
O02016,15-11-2024,C0150,P008,East,2,10,2,1
O02017,07-06-2025,C0224,P010,West,10,0,6,4
O02018,21-05-2024,C0074,P009,West,6,10,5,5
O02019,17-09-2025,C0369,P007,South,2,0,6,5
O02020,12-03-2024,C0050,P004,South,9,10,3,3
O02021,10-01-2024,C0253,P005,West,3,0,1,4
O02022,05-03-2024,C0120,P009,North,8,10,4,1
O02023,07-09-2025,C0068,P001,East,5,10,2,3
O02024,06-08-2024,C0084,P010,West,1,10,5,5
O02025,14-06-2025,C0253,P004,East,4,0,3,3
O02026,09-01-2024,C0424,P010,North,5,5,7,2
O02027,01-05-2024,C0484,P003,East,2,0,6,3
O02028,25-07-2024,C0449,P005,South,6,10,5,4
O02029,30-08-2025,C0088,P007,South,8,15,7,1
O02030,13-06-2024,C0446,P009,North,10,20,3,1
O02031,31-01-2024,C0090,P008,West,10,5,5,3
O02032,17-04-2025,C0383,P003,North,2,15,2,1
O02033,23-10-2024,C0386,P006,South,8,0,3,4
O02034,23-01-2025,C0219,P005,North,2,15,6,5
O02035,29-09-2025,C0498,P006,West,3,10,4,4
O02036,06-06-2025,C0234,P005,East,8,0,3,3
O02037,15-12-2024,C0435,P005,East,2,15,7,2
O02038,15-08-2025,C0014,P001,West,8,5,6,2
O02039,18-02-2025,C0454,P005,South,9,15,2,2
O02040,29-08-2024,C0146,P002,South,9,5,4,3
O02041,22-07-2024,C0452,P009,East,2,15,2,5
O02042,24-09-2024,C0426,P008,West,2,15,7,5
O02043,20-11-2025,C0462,P004,East,7,20,1,2
O02044,08-10-2024,C0263,P002,South,7,5,4,4
O02045,25-10-2024,C0152,P005,South,7,10,1,4
O02046,04-11-2024,C0168,P005,East,8,20,4,4
O02047,12-07-2024,C0420,P004,South,1,10,7,1
O02048,22-01-2024,C0268,P005,North,8,10,3,5
O02049,21-07-2025,C0480,P005,East,10,5,3,3
O02050,12-11-2024,C0215,P006,West,2,10,7,4
O02051,21-10-2025,C0491,P010,North,3,15,7,3
O02052,28-01-2024,C0059,P006,North,5,0,7,3
O02053,07-01-2024,C0001,P009,South,6,20,1,2
O02054,13-07-2025,C0033,P002,South,8,0,6,3
O02055,25-03-2024,C0161,P007,West,6,15,4,3
O02056,24-12-2024,C0055,P009,South,8,20,5,2
O02057,13-05-2024,C0342,P004,West,8,0,6,4
O02058,17-11-2025,C0470,P010,West,3,5,2,1
O02059,19-01-2025,C0448,P003,South,2,20,1,4
O02060,13-06-2024,C0440,P010,North,4,10,6,5
O02061,29-11-2025,C0194,P009,South,4,0,5,3
O02062,09-05-2024,C0406,P009,North,1,10,5,3
O02063,04-10-2024,C0369,P003,North,6,10,5,5
O02064,07-04-2025,C0209,P005,East,6,20,5,3
O02065,28-08-2025,C0412,P003,East,2,20,5,2
O02066,08-10-2025,C0020,P003,North,4,20,7,5
O02067,06-08-2024,C0458,P009,West,9,15,4,5
O02068,07-01-2024,C0191,P007,East,5,0,7,1
O02069,12-07-2024,C0214,P009,West,2,5,2,4
O02070,31-08-2025,C0220,P009,North,4,15,6,2
O02071,22-06-2024,C0355,P005,East,5,20,1,3
O02072,02-02-2024,C0339,P004,West,1,15,3,4
O02073,18-03-2024,C0459,P003,South,3,5,4,5
O02074,14-10-2025,C0295,P007,West,7,5,3,1
O02075,27-09-2024,C0233,P009,South,4,5,7,2
O02076,17-12-2025,C0192,P002,West,2,20,5,2
O02077,21-09-2025,C0028,P005,South,6,15,2,4
O02078,23-03-2024,C0009,P002,South,1,0,7,2
O02079,24-02-2025,C0136,P009,West,2,15,4,5
O02080,23-03-2024,C0011,P002,West,1,20,2,1
O02081,25-03-2025,C0096,P004,East,2,5,5,4
O02082,12-01-2025,C0487,P002,West,9,15,7,3
O02083,26-06-2025,C0213,P001,South,9,10,7,4
O02084,05-04-2025,C0252,P006,East,9,20,7,5
O02085,11-06-2025,C0131,P010,South,3,0,3,4
O02086,23-09-2025,C0206,P009,North,9,0,7,3
O02087,23-04-2025,C0393,P001,West,6,0,7,4
O02088,26-01-2025,C0110,P009,North,9,0,4,4
O02089,17-03-2024,C0481,P003,North,3,15,6,1
O02090,03-09-2025,C0402,P006,South,7,0,1,3
O02091,13-07-2025,C0321,P003,West,7,20,3,5
O02092,31-08-2025,C0087,P010,West,4,0,4,3
O02093,27-08-2025,C0069,P003,South,8,15,4,5
O02094,18-06-2024,C0365,P010,West,10,0,7,3
O02095,25-04-2024,C0099,P004,East,1,0,6,5
O02096,20-12-2025,C0192,P007,South,5,10,4,1
O02097,15-10-2025,C0014,P006,East,5,0,3,2
O02098,29-07-2024,C0385,P003,North,8,0,3,4
O02099,01-09-2025,C0246,P010,East,7,10,7,5
O02100,18-04-2025,C0074,P002,North,3,0,7,1
O02101,03-11-2025,C0380,P007,West,4,0,3,5
O02102,21-08-2024,C0338,P001,East,5,20,6,3
O02103,14-03-2024,C0302,P003,West,4,0,7,4
O02104,26-07-2024,C0112,P010,West,10,5,5,2
O02105,24-10-2024,C0120,P003,East,8,0,2,5
O02106,24-03-2024,C0264,P002,North,2,10,7,1
O02107,16-12-2025,C0043,P010,East,8,0,5,5
O02108,23-02-2025,C0360,P008,West,3,20,6,1
O02109,31-12-2025,C0244,P010,East,9,15,7,1
O02110,04-11-2024,C0419,P004,West,2,0,3,1
O02111,23-09-2024,C0211,P002,North,3,0,7,1
O02112,10-03-2025,C0135,P004,West,3,15,3,2
O02113,09-06-2025,C0421,P003,West,1,10,3,1
O02114,30-11-2025,C0314,P003,West,5,5,5,4
O02115,28-11-2025,C0154,P005,North,9,15,7,1
O02116,06-10-2025,C0148,P003,South,1,15,7,4
O02117,03-07-2024,C0295,P002,West,6,10,7,5
O02118,11-01-2024,C0431,P010,West,5,5,2,1
O02119,09-06-2024,C0356,P007,North,4,5,5,3
O02120,19-01-2024,C0486,P002,North,7,15,2,1
O02121,18-12-2024,C0280,P001,North,10,15,2,3
O02122,21-04-2025,C0083,P001,North,2,20,4,3
O02123,04-12-2024,C0076,P010,West,5,0,6,3
O02124,18-12-2024,C0323,P008,North,4,15,3,1
O02125,29-10-2024,C0096,P010,South,2,20,2,2
O02126,21-05-2025,C0310,P003,North,7,0,3,3
O02127,02-11-2025,C0026,P004,North,6,10,3,2
O02128,27-04-2024,C0160,P010,South,8,20,2,2
O02129,24-05-2024,C0200,P010,East,9,5,7,5
O02130,28-10-2025,C0330,P002,East,2,20,5,1
O02131,22-09-2025,C0439,P009,North,5,15,2,1
O02132,05-05-2025,C0403,P006,North,5,10,3,5
O02133,11-09-2024,C0052,P001,West,8,0,4,2
O02134,29-09-2025,C0275,P004,North,6,5,3,1
O02135,21-06-2025,C0179,P009,West,10,0,1,5
O02136,15-03-2024,C0235,P004,West,5,0,7,3
O02137,26-01-2024,C0169,P006,South,3,15,3,4
O02138,01-06-2025,C0090,P008,South,10,10,7,4
O02139,04-06-2024,C0169,P009,South,9,15,6,2
O02140,29-04-2025,C0495,P009,East,9,15,5,3
O02141,08-03-2024,C0292,P009,North,3,5,2,3
O02142,06-01-2024,C0104,P001,West,3,10,6,1
O02143,21-05-2024,C0077,P008,West,9,5,7,3
O02144,10-05-2025,C0008,P002,East,2,15,7,2
O02145,16-06-2025,C0229,P001,East,8,10,4,2
O02146,20-06-2025,C0457,P007,South,1,20,6,4
O02147,18-06-2024,C0103,P005,North,5,20,1,2
O02148,25-01-2024,C0074,P007,East,7,20,3,3
O02149,24-09-2024,C0429,P005,South,2,15,2,3
O02150,06-10-2025,C0137,P005,South,8,0,5,1
O02151,05-12-2024,C0346,P005,West,2,5,7,5
O02152,01-07-2024,C0456,P003,South,8,5,1,2
O02153,11-11-2025,C0322,P001,North,6,0,5,4
O02154,23-12-2024,C0043,P006,South,10,15,6,2
O02155,04-04-2024,C0129,P004,North,2,5,7,4
O02156,29-08-2025,C0277,P007,West,1,15,7,5
O02157,28-09-2025,C0014,P008,North,10,10,6,1
O02158,29-11-2025,C0192,P010,North,3,5,1,5
O02159,30-07-2024,C0198,P001,South,9,10,2,1
O02160,30-08-2024,C0065,P009,East,4,5,2,2
O02161,10-06-2025,C0323,P009,South,1,0,7,3
O02162,25-04-2024,C0194,P002,East,9,10,5,2
O02163,14-03-2024,C0282,P005,West,2,5,1,2
O02164,16-03-2024,C0169,P002,North,10,20,7,3
O02165,31-08-2024,C0355,P004,West,6,10,5,3
O02166,12-05-2025,C0039,P010,West,5,0,5,5
O02167,04-01-2024,C0456,P010,East,1,5,2,5
O02168,26-07-2025,C0413,P006,West,7,10,4,1
O02169,07-01-2025,C0290,P006,North,6,10,7,1
O02170,17-06-2024,C0371,P004,East,1,15,6,4
O02171,14-11-2024,C0056,P007,West,1,0,5,1
O02172,18-09-2024,C0107,P002,West,8,20,3,3
O02173,11-11-2024,C0052,P004,West,10,0,2,1
O02174,27-12-2024,C0376,P003,South,9,0,7,5
O02175,07-12-2025,C0460,P007,East,2,15,2,4
O02176,11-06-2024,C0062,P006,West,3,15,5,4
O02177,29-09-2025,C0379,P004,West,6,10,6,3
O02178,22-11-2025,C0188,P002,South,1,10,4,5
O02179,18-05-2025,C0038,P006,West,10,5,5,3
O02180,14-06-2025,C0398,P005,West,7,15,5,1
O02181,20-03-2025,C0156,P001,South,5,15,4,1
O02182,10-08-2024,C0039,P009,North,5,20,2,1
O02183,30-09-2024,C0055,P010,North,10,0,1,4
O02184,04-07-2024,C0413,P005,North,10,10,5,5
O02185,07-02-2024,C0049,P001,South,8,5,6,3
O02186,23-08-2025,C0084,P008,West,9,0,2,1
O02187,03-07-2025,C0218,P002,South,9,5,4,2
O02188,17-12-2024,C0044,P001,East,2,0,5,3
O02189,20-12-2025,C0271,P003,North,7,5,5,2
O02190,16-09-2024,C0055,P010,North,7,20,4,3
O02191,22-03-2024,C0213,P001,South,5,15,4,1
O02192,01-03-2025,C0109,P002,East,8,15,2,4
O02193,21-09-2025,C0324,P007,East,10,5,1,5
O02194,04-02-2024,C0199,P008,West,8,0,2,1
O02195,09-11-2025,C0433,P009,West,10,10,5,2
O02196,26-02-2024,C0375,P009,North,1,5,4,1
O02197,07-04-2025,C0378,P004,South,9,0,3,4
O02198,04-07-2025,C0238,P009,East,2,0,2,2
O02199,09-08-2025,C0060,P002,West,3,20,7,5
O02200,24-10-2024,C0103,P010,North,4,0,2,1
O02201,13-12-2024,C0148,P002,East,8,15,5,2
O02202,10-08-2024,C0271,P009,South,7,5,6,5
O02203,19-06-2024,C0396,P009,North,1,20,7,1
O02204,10-09-2024,C0179,P007,North,8,0,3,5
O02205,04-10-2025,C0249,P006,South,1,10,3,1
O02206,03-05-2025,C0013,P006,East,10,10,7,5
O02207,18-03-2025,C0232,P003,South,6,10,5,3
O02208,15-03-2025,C0467,P002,North,6,20,1,1
O02209,01-06-2024,C0013,P002,East,10,0,5,2
O02210,18-11-2024,C0180,P006,North,10,0,5,3
O02211,08-10-2024,C0140,P006,South,2,20,7,1
O02212,03-10-2025,C0114,P002,North,10,10,5,4
O02213,27-09-2025,C0005,P008,West,9,5,6,5
O02214,24-12-2025,C0283,P005,West,9,20,2,5
O02215,14-08-2024,C0336,P002,South,10,10,6,2
O02216,26-04-2024,C0361,P003,East,2,0,6,4
O02217,14-10-2025,C0213,P006,West,10,10,2,2
O02218,30-10-2025,C0088,P009,South,2,0,6,2
O02219,15-12-2025,C0179,P006,North,6,20,4,1
O02220,13-10-2024,C0130,P007,West,3,15,3,1
O02221,19-06-2024,C0423,P002,South,8,5,5,2
O02222,13-05-2024,C0030,P001,West,4,0,6,1
O02223,07-05-2025,C0067,P010,North,8,5,3,5
O02224,18-05-2025,C0108,P001,East,10,10,4,5
O02225,07-01-2024,C0305,P010,East,1,5,6,2
O02226,19-07-2025,C0422,P008,South,8,0,5,5
O02227,14-04-2024,C0135,P009,North,10,0,5,1
O02228,03-09-2025,C0304,P002,West,3,0,2,4
O02229,19-11-2025,C0017,P009,North,8,10,1,3
O02230,10-11-2025,C0132,P010,South,10,0,6,1
O02231,27-02-2025,C0139,P006,West,5,15,2,5
O02232,31-01-2025,C0201,P010,North,9,0,1,5
O02233,21-09-2025,C0204,P002,East,3,20,7,3
O02234,29-11-2024,C0089,P003,South,2,20,5,5
O02235,20-01-2024,C0287,P003,East,3,20,3,4
O02236,05-10-2024,C0352,P002,East,1,0,6,3
O02237,05-05-2024,C0241,P010,South,9,20,7,4
O02238,08-05-2024,C0124,P001,North,3,10,5,3
O02239,06-07-2025,C0397,P005,West,4,10,1,1
O02240,01-03-2024,C0272,P004,South,8,5,3,1
O02241,24-02-2024,C0197,P008,West,3,20,2,5
O02242,23-07-2024,C0252,P008,South,7,0,5,3
O02243,11-09-2025,C0184,P007,West,2,5,2,4
O02244,20-06-2024,C0369,P004,West,6,10,7,4
O02245,04-07-2025,C0107,P007,West,10,15,2,4
O02246,27-07-2025,C0379,P003,West,8,15,6,2
O02247,09-06-2024,C0179,P004,North,9,5,4,2
O02248,30-04-2025,C0054,P005,North,8,0,6,3
O02249,09-11-2024,C0292,P010,South,2,5,3,2
O02250,18-05-2024,C0018,P009,East,5,5,4,5
O02251,17-10-2024,C0407,P007,South,2,15,1,2
O02252,24-09-2025,C0115,P004,South,5,15,4,2
O02253,31-12-2025,C0218,P005,South,7,10,3,5
O02254,22-05-2024,C0087,P009,East,6,15,7,4
O02255,06-03-2024,C0203,P010,West,7,10,5,2
O02256,06-06-2025,C0010,P004,North,8,0,5,3
O02257,27-06-2025,C0111,P001,South,8,0,1,3
O02258,28-11-2025,C0187,P002,East,9,0,2,2
O02259,30-09-2025,C0102,P001,West,4,20,6,2
O02260,26-02-2024,C0155,P008,North,1,15,7,4
O02261,09-10-2025,C0200,P001,North,1,0,2,1
O02262,31-07-2024,C0465,P009,West,8,20,7,3
O02263,20-08-2025,C0151,P009,West,7,10,3,4
O02264,07-11-2025,C0382,P009,West,3,5,1,3
O02265,13-10-2025,C0421,P005,East,8,5,4,1
O02266,28-06-2025,C0021,P001,East,1,10,4,5
O02267,06-02-2024,C0097,P006,North,2,20,3,2
O02268,31-05-2024,C0316,P003,West,6,0,3,2
O02269,02-09-2025,C0208,P007,West,10,15,1,4
O02270,20-08-2025,C0055,P008,North,2,15,1,5
O02271,16-03-2025,C0151,P001,North,1,20,3,3
O02272,01-11-2024,C0194,P009,East,1,20,5,4
O02273,22-03-2025,C0323,P001,South,2,20,6,5
O02274,02-04-2024,C0215,P003,South,7,15,3,1
O02275,11-10-2024,C0013,P008,West,7,10,3,3
O02276,22-10-2024,C0382,P002,West,5,5,2,4
O02277,20-05-2025,C0358,P010,South,5,5,5,4
O02278,21-10-2025,C0489,P008,West,6,15,2,3
O02279,19-04-2024,C0341,P005,West,3,5,5,4
O02280,28-03-2024,C0302,P007,West,1,0,4,3
O02281,16-02-2025,C0339,P001,North,10,10,2,1
O02282,30-04-2024,C0469,P004,East,2,10,5,4
O02283,17-09-2025,C0124,P001,West,4,15,2,5
O02284,22-11-2024,C0302,P001,West,8,10,5,2
O02285,21-11-2025,C0395,P003,West,4,0,3,1
O02286,20-11-2024,C0431,P010,North,2,0,1,5
O02287,14-09-2025,C0079,P003,North,2,15,3,5
O02288,15-10-2025,C0177,P007,West,2,5,3,1
O02289,22-08-2024,C0009,P004,East,4,0,1,5
O02290,20-08-2025,C0161,P001,West,7,5,7,2
O02291,10-07-2025,C0081,P009,West,1,15,2,1
O02292,13-07-2024,C0311,P006,South,8,15,5,3
O02293,07-12-2025,C0163,P007,West,7,0,1,4
O02294,08-11-2024,C0087,P006,North,1,5,2,4
O02295,27-12-2025,C0018,P001,West,5,15,7,2
O02296,14-07-2025,C0247,P006,East,4,20,1,5
O02297,07-03-2024,C0343,P008,West,9,20,7,4
O02298,26-02-2024,C0226,P008,East,3,0,3,3
O02299,27-04-2025,C0129,P002,East,10,15,1,1
O02300,22-04-2024,C0346,P002,West,9,15,1,5
O02301,04-11-2024,C0162,P007,South,6,0,3,1
O02302,13-08-2025,C0085,P007,North,1,15,4,3
O02303,30-05-2024,C0106,P005,North,10,20,1,4
O02304,23-02-2024,C0157,P006,South,2,15,6,3
O02305,24-11-2025,C0165,P003,West,4,10,4,5
O02306,26-03-2024,C0051,P009,South,5,5,6,2
O02307,16-11-2024,C0280,P008,North,6,20,7,1
O02308,22-11-2025,C0460,P006,East,7,0,4,5
O02309,12-08-2025,C0171,P008,East,8,20,2,5
O02310,06-10-2024,C0105,P007,South,10,15,2,5
O02311,10-11-2024,C0467,P005,West,1,5,2,3
O02312,27-11-2025,C0060,P010,North,4,5,4,2
O02313,23-11-2024,C0137,P010,East,4,20,5,2
O02314,28-09-2025,C0468,P009,South,4,5,5,5
O02315,11-05-2025,C0327,P010,East,2,20,1,2
O02316,30-05-2024,C0159,P009,South,8,0,4,1
O02317,20-03-2024,C0419,P009,North,10,15,4,2
O02318,31-07-2025,C0010,P002,North,5,15,5,4
O02319,20-10-2025,C0351,P009,South,5,10,7,3
O02320,07-02-2024,C0049,P006,South,10,15,2,3
O02321,26-05-2024,C0482,P003,South,6,15,7,5
O02322,06-07-2024,C0253,P005,North,2,0,6,3
O02323,24-11-2024,C0111,P004,East,4,10,5,4
O02324,07-01-2024,C0346,P010,South,2,15,3,1
O02325,21-10-2024,C0472,P001,North,7,5,6,3
O02326,09-07-2025,C0218,P001,North,4,15,7,5
O02327,21-07-2024,C0264,P005,North,6,5,7,5
O02328,07-05-2024,C0437,P008,South,2,10,3,1
O02329,11-09-2025,C0158,P010,South,2,5,6,2
O02330,27-07-2025,C0436,P003,North,10,15,1,2
O02331,02-07-2024,C0069,P006,East,6,10,3,4
O02332,09-12-2024,C0318,P005,South,10,20,6,2
O02333,13-08-2025,C0080,P002,East,10,0,3,4
O02334,15-04-2024,C0154,P006,South,9,20,3,5
O02335,21-03-2025,C0412,P003,North,9,20,6,4
O02336,08-12-2025,C0487,P002,East,10,20,1,1
O02337,05-09-2025,C0225,P001,East,8,20,4,3
O02338,13-11-2025,C0031,P010,South,7,15,6,2
O02339,10-01-2024,C0210,P005,East,10,20,3,5
O02340,03-10-2024,C0123,P006,North,1,0,6,3
O02341,03-04-2025,C0457,P001,North,7,15,2,3
O02342,09-09-2025,C0061,P007,North,5,10,6,3
O02343,21-06-2025,C0432,P006,North,3,10,1,4
O02344,09-12-2025,C0215,P009,West,7,5,6,4
O02345,05-08-2025,C0285,P008,East,4,5,2,2
O02346,04-10-2024,C0397,P010,South,10,5,5,1
O02347,11-10-2025,C0281,P002,West,2,0,4,5
O02348,04-07-2025,C0461,P002,East,6,15,4,3
O02349,16-08-2024,C0299,P005,North,7,5,6,4
O02350,07-05-2025,C0110,P003,East,5,20,3,1
O02351,07-11-2025,C0183,P010,East,10,10,6,4
O02352,11-08-2024,C0249,P005,West,2,10,2,1
O02353,23-01-2024,C0326,P010,North,6,15,3,4
O02354,14-01-2024,C0391,P006,South,2,20,7,5
O02355,03-05-2025,C0219,P010,West,10,5,1,1
O02356,24-04-2024,C0367,P010,North,8,10,2,1
O02357,11-02-2024,C0214,P001,East,9,5,2,3
O02358,03-11-2025,C0040,P003,East,10,0,3,1
O02359,12-06-2025,C0045,P002,South,1,15,5,3
O02360,13-01-2024,C0247,P004,East,4,0,4,2
O02361,18-09-2025,C0425,P010,North,10,20,7,2
O02362,12-09-2025,C0314,P009,East,4,15,1,4
O02363,02-10-2024,C0012,P005,West,9,5,3,3
O02364,08-01-2024,C0181,P006,East,6,0,4,1
O02365,15-08-2024,C0178,P005,North,3,15,4,4
O02366,21-02-2025,C0375,P005,West,8,20,5,3
O02367,21-10-2025,C0427,P007,North,1,5,1,3
O02368,16-02-2025,C0083,P007,West,8,20,6,3
O02369,30-06-2025,C0263,P006,South,2,20,7,3
O02370,04-10-2025,C0120,P004,East,7,15,6,5
O02371,17-07-2024,C0403,P002,West,8,10,7,2
O02372,21-02-2025,C0415,P001,North,8,5,4,1
O02373,05-11-2025,C0340,P003,East,7,10,6,1
O02374,26-09-2025,C0133,P008,South,7,20,7,4
O02375,10-05-2024,C0105,P003,West,10,10,1,1
O02376,05-10-2025,C0080,P005,North,3,15,1,1
O02377,25-03-2024,C0080,P006,West,1,20,3,1
O02378,28-11-2024,C0035,P004,West,3,20,7,2
O02379,02-02-2024,C0498,P002,North,2,0,6,5
O02380,28-06-2025,C0289,P002,South,2,5,4,2
O02381,16-06-2024,C0057,P010,West,3,5,1,2
O02382,16-01-2025,C0364,P009,North,5,20,1,4
O02383,20-02-2024,C0456,P005,West,10,10,4,5
O02384,18-01-2024,C0120,P008,West,8,0,1,3
O02385,06-02-2025,C0130,P003,West,3,5,1,3
O02386,28-08-2025,C0004,P003,East,9,0,1,3
O02387,07-02-2025,C0116,P002,South,8,5,4,4
O02388,12-12-2025,C0111,P008,East,3,20,4,2
O02389,21-02-2025,C0265,P006,West,3,0,4,5
O02390,28-06-2025,C0464,P002,East,9,0,2,3
O02391,31-10-2025,C0150,P003,East,1,15,7,1
O02392,28-11-2025,C0054,P005,West,2,10,7,2
O02393,07-09-2025,C0313,P007,West,2,0,3,2
O02394,30-04-2025,C0362,P002,East,7,5,4,5
O02395,04-08-2024,C0277,P006,East,8,0,6,5
O02396,28-01-2025,C0280,P004,North,6,20,3,5
O02397,29-04-2024,C0026,P009,North,3,5,3,1
O02398,09-05-2024,C0218,P002,East,8,0,6,4
O02399,17-12-2024,C0194,P003,South,6,20,3,3
O02400,20-03-2025,C0495,P009,North,3,15,5,4
O02401,16-02-2024,C0006,P008,North,3,5,7,3
O02402,01-07-2025,C0149,P005,West,7,5,5,5
O02403,08-07-2025,C0294,P007,West,10,10,4,3
O02404,11-03-2024,C0098,P005,East,8,20,5,5
O02405,06-06-2025,C0041,P001,North,8,0,6,3
O02406,19-02-2025,C0447,P007,North,3,5,6,3
O02407,26-05-2025,C0196,P005,North,7,5,6,5
O02408,16-09-2025,C0336,P004,South,8,5,2,2
O02409,23-02-2024,C0088,P001,South,1,0,5,2
O02410,20-05-2025,C0294,P004,South,3,20,2,3
O02411,31-10-2025,C0161,P001,East,7,5,7,5
O02412,05-08-2025,C0319,P001,West,6,10,2,2
O02413,23-03-2024,C0231,P007,East,3,20,2,2
O02414,10-02-2024,C0082,P002,South,9,5,7,5
O02415,13-09-2024,C0316,P002,East,4,10,7,2
O02416,28-04-2025,C0363,P008,South,9,5,4,1
O02417,30-05-2024,C0139,P007,West,1,20,2,4
O02418,10-03-2025,C0351,P009,West,4,0,1,3
O02419,21-11-2025,C0162,P001,South,7,10,5,1
O02420,13-06-2024,C0214,P010,South,6,10,2,1
O02421,11-07-2024,C0433,P009,South,7,10,6,5
O02422,11-06-2024,C0284,P005,East,8,0,7,4
O02423,13-06-2024,C0338,P007,West,8,10,7,3
O02424,31-08-2025,C0135,P002,North,5,15,6,2
O02425,02-12-2025,C0260,P010,South,8,5,4,5
O02426,19-04-2025,C0391,P006,West,5,5,7,3
O02427,31-03-2025,C0063,P009,West,9,10,3,2
O02428,16-10-2025,C0404,P007,East,5,15,4,3
O02429,10-08-2025,C0184,P001,South,3,5,3,2
O02430,29-11-2025,C0345,P004,East,2,10,7,5
O02431,11-12-2024,C0380,P004,West,8,15,2,4
O02432,28-11-2024,C0326,P004,West,3,0,1,2
O02433,17-02-2025,C0006,P001,North,4,10,7,1
O02434,04-11-2025,C0230,P010,South,5,15,7,4
O02435,16-07-2024,C0492,P005,North,8,0,4,1
O02436,24-08-2024,C0145,P010,East,1,15,6,3
O02437,10-02-2025,C0103,P003,North,3,20,2,1
O02438,01-08-2025,C0440,P001,South,8,20,4,4
O02439,03-05-2024,C0439,P008,South,10,10,3,3
O02440,18-10-2025,C0408,P001,East,2,0,4,5
O02441,28-05-2024,C0114,P005,South,3,10,7,5
O02442,05-05-2024,C0442,P007,North,1,10,1,3
O02443,12-12-2024,C0098,P003,North,10,5,2,1
O02444,28-11-2025,C0271,P009,North,2,0,2,4
O02445,04-11-2024,C0137,P008,West,9,5,2,1
O02446,16-03-2025,C0032,P001,South,8,20,3,2
O02447,29-11-2025,C0177,P002,North,2,10,3,4
O02448,19-07-2025,C0151,P002,East,9,20,2,1
O02449,21-01-2025,C0403,P008,North,6,20,2,2
O02450,01-11-2025,C0178,P010,West,1,15,6,2
O02451,17-07-2025,C0192,P003,West,4,10,2,2
O02452,23-07-2024,C0227,P004,North,9,0,4,3
O02453,10-10-2024,C0189,P007,East,6,20,3,1
O02454,12-08-2024,C0209,P008,South,3,20,1,5
O02455,13-09-2024,C0272,P003,West,8,15,1,5
O02456,26-04-2025,C0235,P009,East,1,5,7,4
O02457,13-01-2025,C0448,P010,East,4,10,7,4
O02458,01-12-2024,C0292,P006,South,10,15,4,3
O02459,24-09-2024,C0201,P002,North,1,5,2,1
O02460,10-03-2025,C0247,P007,East,1,10,7,3
O02461,21-11-2025,C0089,P005,South,1,10,5,2
O02462,03-04-2024,C0359,P001,North,8,20,2,3
O02463,16-04-2024,C0319,P006,West,8,0,3,2
O02464,01-10-2025,C0387,P001,North,4,0,3,2
O02465,11-01-2025,C0440,P009,East,4,20,2,3
O02466,20-03-2025,C0037,P009,South,10,0,1,1
O02467,20-04-2025,C0052,P006,West,9,20,3,3
O02468,25-04-2024,C0492,P010,South,5,20,2,5
O02469,13-04-2025,C0462,P005,South,8,20,5,3
O02470,14-08-2025,C0186,P010,East,8,5,4,5
O02471,19-04-2024,C0406,P002,South,10,0,2,2
O02472,10-01-2025,C0402,P008,North,6,20,2,1
O02473,11-05-2024,C0234,P007,North,8,0,4,4
O02474,05-04-2025,C0407,P001,South,6,0,2,3
O02475,01-09-2025,C0341,P008,North,4,0,1,5
O02476,14-09-2025,C0021,P003,South,3,20,5,3
O02477,08-01-2024,C0105,P005,East,1,5,3,3
O02478,23-02-2025,C0441,P002,East,8,0,6,5
O02479,11-09-2024,C0352,P006,East,9,5,2,5
O02480,11-05-2024,C0155,P004,South,4,20,7,2
O02481,13-09-2025,C0271,P007,East,6,20,3,2
O02482,21-09-2024,C0455,P004,North,2,0,1,2
O02483,24-03-2024,C0387,P005,North,10,20,2,3
O02484,15-05-2024,C0343,P006,South,4,5,4,3
O02485,05-12-2025,C0062,P001,East,2,15,5,2
O02486,05-12-2024,C0284,P010,East,2,5,3,2
O02487,08-02-2024,C0079,P007,North,10,15,3,2
O02488,02-11-2025,C0337,P010,South,7,20,1,3
O02489,16-09-2025,C0285,P003,North,10,10,1,1
O02490,17-03-2024,C0346,P008,North,7,5,3,4
O02491,01-02-2024,C0148,P008,East,5,5,1,3
O02492,22-09-2024,C0091,P008,South,3,15,6,4
O02493,13-03-2024,C0248,P002,North,7,20,5,2
O02494,22-01-2025,C0307,P003,West,1,15,4,1
O02495,24-05-2025,C0288,P003,South,8,10,7,3
O02496,21-05-2025,C0098,P003,North,2,10,6,2
O02497,26-01-2025,C0202,P001,East,10,0,6,5
O02498,27-04-2024,C0092,P002,North,9,0,7,2
O02499,10-06-2025,C0114,P008,North,7,15,7,5
O02500,02-08-2024,C0222,P009,West,6,20,1,2
O02501,27-06-2024,C0394,P003,North,9,10,2,5
O02502,15-09-2025,C0160,P009,North,2,15,7,2
O02503,14-09-2024,C0172,P004,South,7,0,3,5
O02504,07-12-2025,C0466,P003,West,5,0,5,5
O02505,08-11-2024,C0465,P003,North,8,5,1,4
O02506,04-02-2025,C0479,P003,South,1,15,7,1
O02507,22-03-2024,C0391,P003,West,4,10,6,5
O02508,01-07-2024,C0103,P002,West,8,5,4,3
O02509,21-10-2024,C0134,P003,West,10,20,4,1
O02510,07-01-2024,C0331,P002,West,5,15,4,2
O02511,24-07-2025,C0394,P002,North,7,15,4,5
O02512,20-12-2024,C0446,P007,North,10,15,3,2
O02513,23-07-2024,C0296,P003,South,3,10,7,4
O02514,20-08-2025,C0413,P004,West,10,15,7,1
O02515,04-12-2025,C0153,P006,North,4,0,1,3
O02516,26-07-2024,C0492,P001,East,6,20,5,1
O02517,26-09-2025,C0385,P008,North,10,15,7,4
O02518,10-05-2025,C0304,P007,West,6,15,5,4
O02519,11-10-2025,C0118,P004,North,8,15,2,2
O02520,02-11-2025,C0465,P004,West,7,10,3,5
O02521,02-03-2024,C0242,P007,North,2,5,4,4
O02522,21-03-2024,C0489,P001,West,5,0,6,2
O02523,01-04-2024,C0313,P008,West,6,0,3,5
O02524,08-12-2025,C0207,P002,East,2,15,7,3
O02525,31-12-2025,C0250,P001,North,3,10,3,3
O02526,10-07-2025,C0224,P006,South,7,20,7,4
O02527,03-04-2024,C0299,P001,North,10,5,2,1
O02528,01-06-2024,C0134,P006,South,3,20,4,4
O02529,09-06-2025,C0189,P007,West,8,15,4,2
O02530,17-10-2025,C0295,P005,East,10,5,7,4
O02531,29-04-2024,C0167,P002,North,2,10,7,3
O02532,03-03-2025,C0463,P004,North,9,10,2,5
O02533,29-08-2024,C0245,P009,North,6,15,2,4
O02534,18-02-2025,C0377,P004,North,6,15,7,2
O02535,05-08-2025,C0349,P005,South,5,0,1,4
O02536,10-05-2024,C0005,P007,East,1,0,3,1
O02537,16-06-2025,C0226,P007,West,6,20,3,3
O02538,27-07-2025,C0395,P002,North,6,15,4,3
O02539,21-04-2024,C0448,P006,West,4,15,4,5
O02540,31-07-2025,C0070,P005,East,4,10,1,3
O02541,12-04-2024,C0321,P007,West,5,0,2,3
O02542,12-06-2024,C0377,P008,North,9,5,5,2
O02543,24-01-2025,C0395,P006,North,10,20,6,5
O02544,16-03-2025,C0412,P003,West,6,0,5,5
O02545,17-06-2024,C0232,P006,West,10,5,3,5
O02546,05-02-2024,C0299,P006,East,8,20,2,2
O02547,13-09-2025,C0186,P007,North,10,0,3,5
O02548,29-01-2024,C0233,P003,East,1,0,6,2
O02549,01-06-2025,C0111,P008,East,4,5,6,4
O02550,22-05-2024,C0429,P010,West,7,0,4,2
O02551,02-07-2025,C0429,P001,South,10,5,5,5
O02552,13-10-2024,C0021,P009,West,10,5,5,3
O02553,20-06-2024,C0294,P008,South,7,5,4,2
O02554,09-02-2025,C0488,P007,South,7,20,7,1
O02555,25-06-2024,C0358,P001,North,5,0,4,5
O02556,22-04-2024,C0156,P005,West,8,15,1,2
O02557,20-04-2024,C0297,P002,North,1,20,4,4
O02558,24-12-2025,C0382,P007,South,10,5,3,5
O02559,24-08-2024,C0139,P008,East,6,0,1,5
O02560,15-12-2025,C0387,P009,North,6,5,5,4
O02561,06-07-2025,C0393,P004,North,1,15,4,4
O02562,07-12-2025,C0357,P010,East,5,0,1,1
O02563,29-12-2024,C0226,P001,East,4,20,5,5
O02564,17-07-2025,C0321,P003,West,6,15,3,4
O02565,20-06-2024,C0253,P002,East,7,20,3,3
O02566,26-05-2024,C0082,P006,West,2,0,2,3
O02567,28-05-2025,C0104,P005,North,5,20,4,3
O02568,03-03-2025,C0432,P008,North,8,0,1,4
O02569,11-03-2024,C0304,P010,East,8,20,3,2
O02570,22-03-2024,C0204,P004,West,6,15,2,5
O02571,21-04-2024,C0042,P004,West,10,20,1,2
O02572,19-12-2025,C0196,P006,East,2,0,7,3
O02573,10-01-2025,C0452,P003,South,5,15,3,5
O02574,06-04-2025,C0183,P002,South,9,15,5,1
O02575,15-02-2025,C0299,P009,East,3,15,1,1
O02576,13-09-2025,C0169,P007,North,9,0,4,1
O02577,25-02-2024,C0408,P006,West,2,20,7,1
O02578,30-12-2025,C0245,P009,West,9,5,7,1
O02579,20-04-2025,C0355,P006,West,6,10,5,5
O02580,13-10-2025,C0032,P001,West,4,20,3,3
O02581,30-01-2025,C0308,P002,North,8,10,7,4
O02582,16-04-2025,C0459,P008,East,4,10,1,1
O02583,24-07-2024,C0250,P008,West,8,15,6,4
O02584,28-11-2024,C0253,P001,East,1,20,2,1
O02585,26-12-2025,C0180,P005,East,5,15,1,4
O02586,16-01-2024,C0262,P009,South,5,10,7,5
O02587,18-04-2024,C0345,P004,South,6,15,2,3
O02588,04-01-2025,C0475,P010,South,5,0,5,3
O02589,24-04-2024,C0443,P010,East,1,15,4,5
O02590,08-11-2025,C0175,P004,West,10,5,5,1
O02591,29-05-2024,C0024,P006,West,4,5,1,4
O02592,29-05-2024,C0261,P001,West,9,5,1,2
O02593,06-01-2024,C0001,P001,South,6,20,2,1
O02594,28-01-2024,C0272,P007,West,5,20,5,2
O02595,21-11-2024,C0163,P009,North,6,5,2,5
O02596,30-12-2024,C0328,P005,South,6,0,1,2
O02597,27-05-2024,C0016,P002,North,10,0,2,1
O02598,20-07-2025,C0380,P006,South,8,0,1,5
O02599,10-04-2024,C0018,P007,East,2,0,1,1
O02600,11-01-2025,C0347,P007,West,8,15,1,5
O02601,29-06-2025,C0119,P006,South,5,10,2,5
O02602,05-01-2025,C0365,P008,South,4,10,5,2
O02603,18-10-2024,C0394,P008,North,4,10,5,1
O02604,18-10-2024,C0015,P002,South,8,20,1,2
O02605,13-01-2025,C0138,P009,East,2,0,3,1
O02606,08-08-2024,C0235,P001,East,3,5,7,4
O02607,07-10-2025,C0415,P005,West,9,15,6,1
O02608,25-02-2024,C0226,P007,West,5,10,3,4
O02609,26-07-2025,C0259,P006,North,2,15,5,3
O02610,10-04-2024,C0321,P009,West,3,10,1,5
O02611,15-03-2025,C0314,P003,North,8,5,2,1
O02612,29-05-2025,C0128,P004,North,6,5,6,2
O02613,20-12-2024,C0340,P006,West,3,15,3,2
O02614,05-01-2024,C0401,P001,South,4,10,4,4
O02615,21-06-2024,C0023,P004,North,8,5,1,1
O02616,23-09-2024,C0016,P010,South,4,20,1,3
O02617,11-11-2025,C0168,P002,West,6,10,6,4
O02618,28-05-2024,C0347,P007,East,6,10,7,4
O02619,08-05-2025,C0314,P002,South,2,5,2,4
O02620,26-02-2025,C0377,P002,West,5,20,5,5
O02621,18-10-2025,C0185,P010,South,8,20,5,3
O02622,13-08-2024,C0192,P010,East,6,20,5,4
O02623,24-09-2025,C0435,P010,East,8,0,2,5
O02624,13-09-2025,C0273,P007,South,3,0,2,1
O02625,29-03-2024,C0287,P007,North,4,5,5,1
O02626,21-11-2025,C0417,P004,South,9,10,4,4
O02627,14-10-2024,C0458,P004,East,2,5,4,5
O02628,10-11-2025,C0270,P009,South,5,15,4,1
O02629,08-10-2024,C0066,P004,North,5,10,2,4
O02630,31-01-2025,C0104,P008,North,4,10,3,4
O02631,31-12-2025,C0432,P009,East,4,15,4,4
O02632,02-03-2024,C0371,P010,North,4,20,5,4
O02633,05-06-2024,C0264,P001,East,6,15,5,3
O02634,03-02-2025,C0365,P004,North,10,10,2,4
O02635,20-08-2025,C0065,P002,West,9,0,3,2
O02636,02-06-2025,C0346,P009,East,1,20,7,5
O02637,26-09-2025,C0435,P005,South,2,5,4,3
O02638,15-04-2024,C0372,P003,North,9,0,2,4
O02639,08-07-2025,C0382,P008,South,7,5,2,1
O02640,03-09-2025,C0370,P010,North,6,5,1,1
O02641,16-06-2025,C0465,P002,East,2,10,2,1
O02642,04-03-2024,C0101,P005,North,1,20,2,3
O02643,11-07-2025,C0168,P003,West,10,15,6,4
O02644,25-03-2024,C0006,P003,South,3,15,6,4
O02645,23-10-2025,C0439,P009,East,10,10,3,4
O02646,30-10-2024,C0394,P004,South,4,0,6,1
O02647,05-05-2024,C0402,P006,South,1,10,2,4
O02648,03-07-2024,C0318,P003,West,8,0,5,5
O02649,08-03-2024,C0244,P009,West,10,10,1,3
O02650,13-06-2024,C0478,P008,North,9,0,2,3
O02651,04-09-2024,C0186,P007,South,3,20,7,3
O02652,19-08-2024,C0147,P007,West,6,0,7,5
O02653,29-11-2025,C0249,P008,South,6,5,1,4
O02654,02-09-2025,C0380,P007,West,5,15,4,3
O02655,09-04-2024,C0055,P007,North,7,5,6,4
O02656,24-02-2024,C0122,P003,North,4,0,6,3
O02657,15-12-2025,C0464,P006,West,8,5,6,1
O02658,22-12-2025,C0392,P006,West,9,15,4,3
O02659,19-04-2025,C0439,P008,North,2,15,5,4
O02660,15-03-2024,C0452,P010,East,7,0,4,3
O02661,18-04-2024,C0051,P010,North,2,5,5,1
O02662,02-12-2024,C0429,P004,East,10,20,6,1
O02663,25-10-2024,C0121,P005,West,4,10,1,4
O02664,08-10-2024,C0474,P010,West,8,10,5,2
O02665,03-11-2024,C0139,P004,West,9,10,5,2
O02666,07-04-2025,C0105,P001,North,3,10,3,3
O02667,21-10-2025,C0358,P008,North,1,15,5,1
O02668,19-11-2024,C0129,P003,North,10,10,6,5
O02669,03-05-2025,C0304,P008,East,2,0,7,1
O02670,27-05-2024,C0379,P002,North,6,20,6,1
O02671,17-08-2025,C0401,P002,North,7,20,2,5
O02672,16-11-2024,C0308,P003,South,9,20,7,2
O02673,28-06-2025,C0414,P003,East,1,15,4,5
O02674,01-12-2025,C0457,P004,South,2,15,1,5
O02675,10-08-2025,C0274,P002,West,2,20,5,2
O02676,23-01-2024,C0143,P001,North,3,0,7,4
O02677,29-08-2025,C0199,P009,West,4,0,5,2
O02678,24-05-2024,C0409,P007,South,3,15,7,1
O02679,30-05-2024,C0401,P008,West,7,10,5,1
O02680,27-02-2025,C0121,P009,East,2,10,5,3
O02681,30-07-2024,C0368,P004,South,1,20,6,1
O02682,30-07-2025,C0032,P002,West,7,10,6,2
O02683,11-09-2024,C0016,P007,East,2,15,2,3
O02684,22-06-2024,C0199,P009,East,4,5,2,3
O02685,08-01-2024,C0438,P002,North,5,5,1,4
O02686,24-02-2025,C0486,P007,South,3,15,7,3
O02687,23-02-2025,C0379,P008,West,1,5,1,2
O02688,24-01-2024,C0453,P009,South,8,10,7,4
O02689,07-10-2024,C0040,P003,East,5,15,7,1
O02690,08-05-2024,C0296,P004,East,4,10,1,2
O02691,07-03-2025,C0486,P002,North,1,20,3,4
O02692,25-01-2024,C0411,P004,North,5,15,6,5
O02693,06-08-2024,C0107,P007,West,6,10,6,3
O02694,29-03-2025,C0396,P009,East,1,15,4,4
O02695,28-07-2025,C0437,P009,South,7,10,1,4
O02696,30-04-2024,C0120,P005,East,4,10,6,2
O02697,20-08-2025,C0173,P006,North,10,0,4,2
O02698,26-12-2025,C0268,P009,East,6,5,3,4
O02699,04-07-2024,C0260,P004,West,10,0,1,4
O02700,27-10-2025,C0440,P007,South,6,20,5,2
O02701,13-05-2025,C0498,P010,West,6,10,4,4
O02702,13-10-2024,C0057,P006,East,8,0,2,4
O02703,03-07-2025,C0071,P009,West,5,5,2,4
O02704,24-06-2025,C0455,P010,North,1,0,1,1
O02705,01-11-2025,C0171,P008,East,1,5,1,2
O02706,11-06-2024,C0217,P006,North,4,20,5,5
O02707,19-08-2025,C0025,P003,East,10,0,4,3
O02708,18-02-2025,C0435,P010,North,6,15,5,3
O02709,16-06-2025,C0041,P008,East,1,0,6,3
O02710,19-02-2025,C0054,P004,West,10,10,5,1
O02711,18-11-2025,C0292,P006,North,6,5,1,5
O02712,07-08-2024,C0397,P005,West,3,20,2,4
O02713,13-02-2024,C0106,P008,North,4,15,5,4
O02714,09-05-2024,C0098,P006,South,2,10,6,4
O02715,22-06-2025,C0196,P004,East,7,10,6,4
O02716,23-11-2025,C0056,P004,South,7,20,3,5
O02717,20-08-2025,C0189,P008,East,4,20,5,5
O02718,25-03-2025,C0038,P004,West,9,15,5,5
O02719,27-11-2025,C0010,P009,West,4,20,5,5
O02720,14-09-2025,C0316,P002,South,6,15,5,2
O02721,15-11-2025,C0373,P007,North,3,10,1,3
O02722,29-07-2024,C0477,P005,North,2,5,6,2
O02723,16-09-2024,C0152,P009,North,3,5,6,1
O02724,19-07-2025,C0151,P005,East,3,15,6,2
O02725,11-05-2025,C0313,P008,East,9,20,6,3
O02726,25-06-2024,C0303,P004,West,1,20,5,2
O02727,29-09-2024,C0366,P003,East,1,20,3,1
O02728,11-11-2024,C0278,P009,West,6,15,4,4
O02729,09-11-2025,C0167,P007,South,2,0,7,5
O02730,22-10-2024,C0484,P003,West,1,5,4,1
O02731,22-06-2025,C0431,P003,South,3,0,6,3
O02732,15-04-2024,C0263,P009,South,10,20,7,1
O02733,07-10-2025,C0235,P005,South,9,20,2,5
O02734,27-01-2024,C0075,P009,South,2,0,5,3
O02735,19-04-2025,C0108,P009,West,9,15,1,5
O02736,05-09-2024,C0078,P009,South,9,20,1,2
O02737,17-12-2024,C0485,P004,South,5,10,7,2
O02738,01-04-2024,C0418,P009,South,6,10,3,5
O02739,15-08-2025,C0055,P001,West,5,5,1,5
O02740,15-04-2025,C0055,P002,East,8,5,1,5
O02741,17-03-2025,C0300,P006,South,1,0,2,3
O02742,04-12-2024,C0420,P009,West,6,20,4,3
O02743,05-09-2024,C0170,P005,North,6,20,5,1
O02744,27-03-2025,C0408,P002,West,7,10,7,4
O02745,15-08-2025,C0076,P006,North,7,10,1,5
O02746,15-05-2025,C0113,P001,West,9,20,5,3
O02747,01-06-2024,C0489,P010,East,1,20,1,3
O02748,14-08-2025,C0379,P005,West,10,15,4,1
O02749,18-10-2024,C0271,P006,West,5,5,5,3
O02750,29-03-2024,C0237,P008,South,4,0,1,3
O02751,16-08-2025,C0158,P009,South,7,20,4,5
O02752,19-03-2025,C0044,P010,South,9,15,2,2
O02753,15-09-2024,C0343,P008,North,6,20,3,4
O02754,31-01-2024,C0445,P001,North,2,10,1,3
O02755,11-03-2024,C0111,P005,South,9,15,1,1
O02756,17-05-2025,C0082,P002,West,8,0,6,3
O02757,28-03-2024,C0031,P004,South,3,10,7,1
O02758,04-11-2025,C0052,P005,West,2,0,5,5
O02759,20-12-2025,C0449,P005,East,6,0,5,2
O02760,26-07-2024,C0159,P005,West,7,5,4,2
O02761,15-12-2024,C0492,P005,West,10,10,3,2
O02762,12-02-2024,C0313,P005,West,3,0,7,1
O02763,21-08-2024,C0004,P004,South,10,15,2,4
O02764,25-04-2024,C0241,P009,West,7,5,4,2
O02765,18-02-2024,C0365,P010,North,3,0,6,5
O02766,25-02-2024,C0457,P007,East,8,15,6,3
O02767,04-01-2024,C0473,P005,South,9,0,2,5
O02768,24-09-2025,C0118,P002,East,8,20,1,2
O02769,18-08-2024,C0230,P004,West,6,10,3,5
O02770,26-08-2025,C0004,P003,North,10,10,5,2
O02771,03-01-2024,C0055,P009,East,6,10,2,2
O02772,20-07-2025,C0462,P010,East,6,15,6,5
O02773,30-06-2025,C0180,P003,East,8,15,6,4
O02774,10-10-2024,C0111,P004,South,3,20,7,5
O02775,30-08-2024,C0061,P002,West,9,15,4,3
O02776,27-08-2024,C0402,P002,South,5,20,1,5
O02777,05-05-2024,C0302,P001,North,2,20,5,4
O02778,27-06-2024,C0222,P003,North,4,20,5,2
O02779,05-05-2025,C0306,P004,East,5,5,6,4
O02780,30-08-2025,C0082,P003,North,6,10,2,4
O02781,19-05-2024,C0469,P006,West,10,10,6,2
O02782,30-07-2024,C0172,P009,North,1,10,2,5
O02783,25-04-2024,C0014,P004,South,7,10,2,2
O02784,28-06-2025,C0176,P007,West,5,10,6,5
O02785,21-05-2025,C0123,P010,West,1,5,6,3
O02786,11-09-2025,C0029,P008,East,5,15,1,1
O02787,13-03-2025,C0276,P004,North,6,5,6,3
O02788,07-07-2025,C0205,P009,South,8,0,2,2
O02789,07-05-2024,C0251,P001,North,4,10,2,5
O02790,19-02-2025,C0272,P010,West,10,15,5,1
O02791,26-05-2025,C0391,P002,South,3,5,4,1
O02792,09-08-2024,C0358,P007,South,10,0,2,3
O02793,21-08-2025,C0187,P006,North,1,0,1,2
O02794,29-03-2025,C0288,P010,South,10,0,3,5
O02795,07-09-2024,C0206,P007,East,5,15,5,2
O02796,12-02-2025,C0436,P001,North,7,10,6,5
O02797,18-10-2024,C0398,P010,West,8,10,2,1
O02798,08-12-2025,C0199,P010,West,2,10,1,1
O02799,24-11-2025,C0438,P005,West,1,15,1,1
O02800,27-08-2024,C0442,P006,East,9,20,4,3
O02801,27-07-2025,C0132,P006,North,10,10,2,5
O02802,27-02-2025,C0241,P010,South,9,10,6,5
O02803,26-03-2024,C0453,P005,West,2,0,5,2
O02804,02-12-2024,C0173,P004,West,8,0,1,5
O02805,18-03-2025,C0410,P009,West,4,20,1,4
O02806,17-07-2025,C0417,P002,South,10,5,4,2
O02807,05-05-2024,C0034,P006,East,8,10,2,5
O02808,12-12-2025,C0031,P006,South,6,10,5,3
O02809,03-06-2025,C0299,P002,East,3,10,4,4
O02810,13-12-2024,C0282,P003,West,6,20,7,5
O02811,06-10-2024,C0268,P010,South,2,15,4,1
O02812,27-02-2025,C0005,P007,North,6,0,2,4
O02813,06-01-2024,C0380,P006,West,1,5,3,5
O02814,06-07-2025,C0341,P002,East,8,5,4,5
O02815,31-07-2025,C0147,P004,South,6,10,3,4
O02816,21-10-2024,C0493,P003,East,1,15,1,1
O02817,01-02-2025,C0055,P006,South,7,0,2,2
O02818,23-09-2025,C0329,P010,South,1,5,6,3
O02819,27-06-2024,C0005,P002,East,3,20,3,1
O02820,04-10-2025,C0167,P008,East,6,15,5,2
O02821,05-10-2024,C0384,P005,South,1,10,1,4
O02822,07-09-2025,C0358,P008,South,10,0,3,3
O02823,02-01-2025,C0257,P003,North,7,10,5,4
O02824,13-11-2024,C0138,P009,West,3,0,4,1
O02825,26-03-2025,C0315,P010,South,2,20,5,3
O02826,25-12-2025,C0239,P003,North,8,5,2,2
O02827,18-06-2024,C0246,P002,East,9,5,3,1
O02828,18-11-2024,C0079,P008,East,7,20,1,4
O02829,24-03-2025,C0132,P010,East,10,5,6,5
O02830,03-07-2025,C0135,P001,East,5,20,7,3
O02831,19-08-2024,C0256,P001,South,7,0,5,3
O02832,06-04-2025,C0055,P004,South,4,0,5,4
O02833,11-06-2025,C0269,P001,East,5,0,6,3
O02834,02-06-2024,C0184,P004,West,7,10,2,3
O02835,28-08-2025,C0316,P007,East,4,5,7,5
O02836,30-10-2024,C0292,P008,South,5,20,2,1
O02837,27-07-2025,C0413,P004,South,9,0,6,5
O02838,27-02-2024,C0174,P008,West,5,0,3,4
O02839,26-09-2024,C0398,P004,West,4,5,5,1
O02840,03-02-2025,C0100,P005,North,8,10,2,1
O02841,20-06-2024,C0280,P001,North,7,15,1,2
O02842,08-10-2024,C0314,P008,South,9,20,2,1
O02843,04-10-2024,C0235,P008,North,2,5,4,2
O02844,19-01-2024,C0362,P005,West,3,10,4,5
O02845,19-01-2025,C0473,P002,North,2,20,2,2
O02846,20-11-2025,C0420,P001,North,7,15,7,3
O02847,27-09-2024,C0165,P010,South,1,5,4,1
O02848,13-02-2024,C0494,P006,South,8,5,6,4
O02849,30-08-2025,C0079,P002,North,1,10,6,4
O02850,31-03-2024,C0341,P008,North,4,10,4,4
O02851,26-04-2025,C0169,P009,South,10,10,4,4
O02852,15-11-2024,C0291,P005,North,8,0,1,1
O02853,13-06-2025,C0150,P009,East,3,0,2,4
O02854,03-01-2025,C0137,P008,East,6,20,7,4
O02855,19-02-2024,C0068,P003,East,4,15,2,4
O02856,06-04-2024,C0194,P001,North,8,20,2,2
O02857,14-01-2024,C0017,P003,East,1,10,7,5
O02858,19-01-2024,C0030,P005,North,7,0,1,2
O02859,10-02-2025,C0224,P001,West,4,0,1,2
O02860,21-05-2025,C0238,P001,South,10,20,2,4
O02861,08-08-2025,C0181,P004,South,5,0,3,5
O02862,11-09-2025,C0403,P008,West,5,20,2,4
O02863,11-08-2024,C0098,P006,West,8,20,6,2
O02864,27-07-2025,C0457,P005,East,8,20,2,3
O02865,01-10-2024,C0279,P007,West,2,15,1,3
O02866,10-05-2024,C0113,P004,East,10,10,3,5
O02867,28-11-2025,C0001,P003,East,8,10,7,2
O02868,01-10-2025,C0331,P002,South,2,20,7,1
O02869,16-12-2025,C0366,P009,East,1,10,1,2
O02870,21-01-2025,C0107,P010,West,3,15,4,2
O02871,04-09-2025,C0359,P008,East,6,20,2,5
O02872,17-05-2024,C0484,P003,South,10,5,6,5
O02873,02-02-2025,C0390,P007,South,6,5,7,3
O02874,24-02-2025,C0284,P006,East,7,0,6,4
O02875,20-12-2025,C0290,P006,West,8,20,7,3
O02876,17-05-2024,C0209,P010,East,5,5,3,3
O02877,06-08-2025,C0238,P002,West,4,5,4,5
O02878,12-08-2025,C0399,P009,North,4,10,5,5
O02879,16-01-2025,C0495,P007,West,2,0,4,2
O02880,31-07-2024,C0484,P010,South,3,15,6,3
O02881,03-09-2025,C0182,P009,West,5,20,2,4
O02882,07-07-2025,C0004,P008,West,7,0,1,1
O02883,12-11-2025,C0426,P004,South,8,5,5,2
O02884,18-10-2024,C0239,P002,East,1,20,5,2
O02885,20-11-2024,C0270,P002,North,1,5,7,5
O02886,13-04-2025,C0454,P006,South,2,10,5,5
O02887,15-11-2024,C0235,P005,West,6,0,5,3
O02888,27-01-2024,C0450,P008,South,8,15,6,5
O02889,22-03-2024,C0228,P004,South,8,10,3,1
O02890,16-08-2025,C0373,P003,South,9,10,3,5
O02891,10-02-2025,C0148,P006,West,9,0,7,5
O02892,03-05-2024,C0323,P009,North,2,15,7,5
O02893,30-07-2025,C0052,P006,East,10,0,3,2
O02894,20-12-2024,C0007,P003,East,4,0,5,1
O02895,24-10-2024,C0007,P005,West,5,0,1,1
O02896,26-12-2024,C0301,P008,West,2,15,6,4
O02897,12-05-2025,C0361,P007,South,9,15,1,5
O02898,26-03-2024,C0274,P005,South,9,0,2,3
O02899,28-04-2024,C0058,P004,North,10,10,5,4
O02900,31-01-2025,C0408,P005,North,6,5,6,2
O02901,26-04-2025,C0091,P005,North,2,5,5,4
O02902,02-12-2024,C0057,P007,South,7,15,1,1
O02903,04-02-2024,C0432,P001,East,7,5,6,2
O02904,24-09-2025,C0193,P006,West,10,0,2,1
O02905,26-10-2025,C0102,P003,East,7,15,2,5
O02906,25-10-2024,C0466,P001,North,3,0,1,4
O02907,06-01-2024,C0132,P004,South,2,20,3,3
O02908,06-01-2025,C0073,P002,West,9,5,3,4
O02909,19-06-2025,C0455,P003,North,9,15,5,5
O02910,04-09-2025,C0340,P002,South,9,5,1,5
O02911,02-06-2025,C0114,P004,East,10,20,6,5
O02912,18-04-2024,C0302,P005,North,6,10,4,1
O02913,04-03-2024,C0284,P008,West,9,5,1,3
O02914,19-05-2025,C0352,P010,South,4,5,3,3
O02915,11-04-2025,C0326,P005,North,5,10,4,2
O02916,09-03-2025,C0405,P009,North,5,5,4,4
O02917,16-02-2025,C0369,P010,West,7,0,3,2
O02918,12-05-2024,C0191,P002,North,5,0,3,1
O02919,01-12-2024,C0145,P009,North,1,15,5,1
O02920,17-04-2025,C0414,P008,North,1,20,5,1
O02921,21-12-2024,C0192,P001,East,5,20,2,5
O02922,30-05-2025,C0166,P005,West,10,0,2,1
O02923,02-11-2025,C0480,P006,West,7,15,3,4
O02924,08-07-2024,C0036,P010,East,5,10,7,2
O02925,14-07-2025,C0206,P006,East,5,15,6,2
O02926,23-11-2025,C0329,P008,East,8,15,2,5
O02927,22-05-2025,C0324,P007,East,8,5,1,3
O02928,12-03-2024,C0226,P001,West,8,10,1,1
O02929,14-04-2024,C0261,P002,West,5,20,2,5
O02930,27-07-2025,C0283,P003,West,5,10,7,1
O02931,12-11-2024,C0420,P003,South,1,15,5,2
O02932,28-10-2024,C0045,P008,East,7,15,2,4
O02933,17-06-2025,C0452,P010,West,2,0,7,1
O02934,30-10-2025,C0432,P002,North,1,10,3,4
O02935,04-01-2025,C0224,P006,West,6,0,4,3
O02936,17-03-2025,C0240,P006,North,7,10,6,2
O02937,20-06-2025,C0463,P002,East,2,0,2,3
O02938,10-01-2024,C0156,P001,North,9,10,4,4
O02939,21-03-2024,C0408,P002,North,6,15,2,4
O02940,23-11-2025,C0282,P004,North,4,20,5,2
O02941,10-01-2025,C0375,P007,West,10,10,3,5
O02942,27-06-2025,C0406,P004,West,8,5,7,3
O02943,01-03-2025,C0339,P007,West,5,0,7,1
O02944,19-06-2025,C0149,P005,South,1,20,5,1
O02945,02-10-2024,C0385,P003,West,3,5,4,2
O02946,15-07-2024,C0489,P005,North,2,5,1,1
O02947,18-02-2024,C0018,P009,South,2,5,4,3
O02948,07-03-2025,C0489,P007,East,1,20,2,4
O02949,18-09-2024,C0348,P005,East,3,10,2,3
O02950,22-12-2024,C0307,P009,East,1,10,6,3
O02951,29-01-2024,C0386,P009,South,1,20,4,3
O02952,16-12-2025,C0140,P009,North,6,20,6,4
O02953,13-08-2024,C0194,P001,North,9,0,3,5
O02954,24-09-2024,C0163,P008,West,4,20,7,3
O02955,05-06-2025,C0294,P007,West,8,10,1,2
O02956,12-09-2025,C0453,P007,South,4,15,1,5
O02957,07-09-2025,C0201,P004,South,8,20,5,5
O02958,14-02-2025,C0135,P004,West,1,10,6,5
O02959,02-04-2024,C0303,P005,East,4,20,5,2
O02960,01-04-2024,C0058,P003,South,7,5,6,3
O02961,27-06-2025,C0332,P005,West,5,0,2,3
O02962,10-03-2025,C0317,P008,North,2,10,4,4
O02963,04-08-2024,C0497,P007,South,8,10,7,3
O02964,29-10-2024,C0008,P008,South,5,20,7,5
O02965,07-06-2024,C0245,P002,North,10,15,6,1
O02966,01-08-2025,C0044,P005,South,7,15,4,5
O02967,15-09-2024,C0150,P009,East,4,20,4,4
O02968,24-02-2025,C0333,P003,West,6,20,1,5
O02969,23-05-2024,C0220,P007,East,4,0,1,1
O02970,02-01-2024,C0210,P004,West,7,20,6,2
O02971,20-01-2025,C0072,P004,South,8,15,3,5
O02972,07-04-2025,C0317,P010,West,4,0,5,4
O02973,17-01-2024,C0152,P007,South,2,15,3,1
O02974,03-01-2025,C0500,P008,East,3,20,2,5
O02975,23-03-2025,C0192,P002,East,1,5,6,5
O02976,28-01-2025,C0415,P008,South,2,20,4,5
O02977,13-07-2024,C0189,P009,South,7,20,3,1
O02978,09-02-2024,C0481,P009,East,10,0,6,4
O02979,30-06-2024,C0403,P006,South,8,5,7,3
O02980,01-01-2024,C0067,P005,West,6,0,3,2
O02981,10-08-2024,C0345,P006,West,9,5,5,4
O02982,30-10-2024,C0067,P004,North,6,15,7,5
O02983,21-01-2025,C0376,P009,East,3,20,6,1
O02984,07-09-2024,C0154,P007,North,3,15,2,5
O02985,23-09-2025,C0299,P004,East,4,0,2,2
O02986,07-12-2024,C0273,P008,West,7,15,1,2
O02987,03-08-2024,C0407,P010,East,8,0,4,3
O02988,27-01-2024,C0405,P007,South,10,20,5,5
O02989,13-02-2024,C0198,P004,North,8,20,1,4
O02990,11-04-2025,C0322,P010,West,4,0,2,1
O02991,07-02-2024,C0319,P005,North,3,20,7,4
O02992,10-10-2024,C0300,P006,West,10,5,6,4
O02993,24-03-2025,C0106,P007,South,9,15,2,1
O02994,30-06-2024,C0098,P007,East,3,20,3,2
O02995,26-10-2024,C0114,P007,West,4,5,6,4
O02996,13-10-2025,C0479,P010,East,5,20,5,5
O02997,15-01-2025,C0229,P009,West,9,15,5,4
O02998,24-05-2025,C0085,P002,South,9,10,5,5
O02999,26-02-2024,C0327,P004,South,2,10,4,4
O03000,16-04-2024,C0343,P006,South,8,0,3,2
